"Symbol","Name","LastSale","MarketCap","ADR TSO","IPOyear","Sector","Industry","Summary Quote",
"VNET","21Vianet Group, Inc.","16.57","778122212.43","46959699","2011","Technology","Computer Software: Programming, Data Processing","http://www.nasdaq.com/symbol/vnet",
"TWOU","2U, Inc.","18.18","745714584.72","n/a","2014","Technology","Computer Software: Prepackaged Software","http://www.nasdaq.com/symbol/twou",
"DDD","3D Systems Corporation","30.25","3364105313.25","n/a","n/a","Technology","Computer Software: Prepackaged Software","http://www.nasdaq.com/symbol/ddd",
"JOBS","51job, Inc.","35.5","839177826","23638812","2004","Technology","Diversified Commercial Services","http://www.nasdaq.com/symbol/jobs",
"WUBA","58.com Inc.","41.04","3603442137.84","n/a","2013","Technology","Computer Software: Programming, Data Processing","http://www.nasdaq.com/symbol/wuba",
"ATEN","A10 Networks, Inc.","4.3","261076796.2","n/a","2014","Technology","Computer Communications Equipment","http://www.nasdaq.com/symbol/aten",
"AAN","Aaron&#39;s,  Inc.","29.73","2154657549.78","n/a","n/a","Technology","Diversified Commercial Services","http://www.nasdaq.com/symbol/aan",
"ACIW","ACI Worldwide, Inc.","20.47","2372055616.7","n/a","n/a","Technology","Computer Software: Prepackaged Software","http://www.nasdaq.com/symbol/aciw",
"ACTS","Actions Semiconductor Co., Ltd.","1.59","54078259.56","34011484","2005","Technology","Semiconductors","http://www.nasdaq.com/symbol/acts",
"ATVI","Activision Blizzard, Inc","23.245","16804237092.24","n/a","n/a","Technology","Computer Software: Prepackaged Software","http://www.nasdaq.com/symbol/atvi",
"ACTA","Actua Corporation","15.99","648896713.92","n/a","n/a","Technology","EDP Services","http://www.nasdaq.com/symbol/acta",
"ATU","Actuant Corporation","25.39","1566019273.15","n/a","n/a","Technology","Industrial Machinery/Components","http://www.nasdaq.com/symbol/atu",
"ACXM","Acxiom Corporation","20.4","1576431175.2","n/a","n/a","Technology","EDP Services","http://www.nasdaq.com/symbol/acxm",
"ADEP","Adept Technology, Inc.","6.81","89236408.11","n/a","n/a","Technology","Industrial Machinery/Components","http://www.nasdaq.com/symbol/adep",
"ADBE","Adobe Systems Incorporated","79.79","39760478927.19","n/a","1986","Technology","Computer Software: Prepackaged Software","http://www.nasdaq.com/symbol/adbe",
"AMD","Advanced Micro Devices, Inc.","3.21","2495133828.18","n/a","n/a","Technology","Semiconductors","http://www.nasdaq.com/symbol/amd",
"API","Advanced Photonix, Inc.","0.413","15438523.569","n/a","n/a","Technology","Semiconductors","http://www.nasdaq.com/symbol/api",
"ASX","Advanced Semiconductor Engineering, Inc.","7.29","11449000178.01","n/a","n/a","Technology","Semiconductors","http://www.nasdaq.com/symbol/asx",
"ATE","Advantest Corporation (Kabushiki Kaisha Advantest) ADS","13.35","2326580968.8","n/a","n/a","Technology","Semiconductors","http://www.nasdaq.com/symbol/ate",
"ADVS","Advent Software, Inc.","44.09","2308127504.67","n/a","1995","Technology","EDP Services","http://www.nasdaq.com/symbol/advs",
"AER","Aercap Holdings N.V.","43.85","9310157060.35","n/a","2006","Technology","Diversified Commercial Services","http://www.nasdaq.com/symbol/aer",
"ACY","AeroCentury Corp.","10.14","15648625.98","n/a","n/a","Technology","Diversified Commercial Services","http://www.nasdaq.com/symbol/acy",
"HIVE","Aerohive Networks, Inc.","4.75","218101133","n/a","2014","Technology","EDP Services","http://www.nasdaq.com/symbol/hive",
"WGA","AG&E Holdings, Inc.","0.88","10317120","n/a","n/a","Technology","Radio And Television Broadcasting And Communications Equipment","http://www.nasdaq.com/symbol/wga",
"AGYS","Agilysys, Inc.","9.78","223204578.12","n/a","n/a","Technology","EDP Services","http://www.nasdaq.com/symbol/agys",
"AL","Air Lease Corporation","37.93","3883736449.44","n/a","2011","Technology","Diversified Commercial Services","http://www.nasdaq.com/symbol/al",
"AYR","Aircastle Limited","23.16","1874797715.4","n/a","2006","Technology","Diversified Commercial Services","http://www.nasdaq.com/symbol/ayr",
"AMCN","AirMedia Group Inc","2.17","93742576.48","43199344","2007","Technology","Advertising","http://www.nasdaq.com/symbol/amcn",
"AIXG","Aixtron SE","8.01","37946758.23","4737423","n/a","Technology","Industrial Machinery/Components","http://www.nasdaq.com/symbol/aixg",
"AFOP","Alliance Fiber Optic Products, Inc.","16.86","314482920.3","n/a","2000","Technology","Semiconductors","http://www.nasdaq.com/symbol/afop",
"ALLT","Allot Communications Ltd.","9.37","311523593.55","n/a","2006","Technology","Computer Communications Equipment","http://www.nasdaq.com/symbol/allt",
"MDRX","Allscripts Healthcare Solutions, Inc.","12.37","2229840123.58","n/a","n/a","Technology","EDP Services","http://www.nasdaq.com/symbol/mdrx",
"AOSL","Alpha and Omega Semiconductor Limited","9.08","242044343.28","n/a","2010","Technology","Semiconductors","http://www.nasdaq.com/symbol/aosl",
"ALTR","Altera Corporation","37.54","11295523257.54","n/a","1988","Technology","Semiconductors","http://www.nasdaq.com/symbol/altr",
"AMBA","Ambarella, Inc.","61.65","1869153711.75","n/a","2012","Technology","Semiconductors","http://www.nasdaq.com/symbol/amba",
"AMBR","Amber Road, Inc.","8.58","218336607.06","n/a","2014","Technology","Computer Software: Prepackaged Software","http://www.nasdaq.com/symbol/ambr",
"DOX","Amdocs Limited","53","8234080000","n/a","n/a","Technology","EDP Services","http://www.nasdaq.com/symbol/dox",
"AMSWA","American Software, Inc.","9.76","275619676.96","n/a","n/a","Technology","Computer Software: Prepackaged Software","http://www.nasdaq.com/symbol/amswa",
"AMKR","Amkor Technology, Inc.","9.91","2351481952.59","n/a","1998","Technology","Semiconductors","http://www.nasdaq.com/symbol/amkr",
"AHS","AMN Healthcare Services Inc","22.53","1061391161.31","n/a","2001","Technology","Professional Services","http://www.nasdaq.com/symbol/ahs",
"ASYS","Amtech Systems, Inc.","11","143615725","n/a","n/a","Technology","Industrial Machinery/Components","http://www.nasdaq.com/symbol/asys",
"ANAD","ANADIGICS, Inc.","1.2","103895560.8","n/a","1995","Technology","Semiconductors","http://www.nasdaq.com/symbol/anad",
"ADI","Analog Devices, Inc.","59.775","18627526938.375","n/a","n/a","Technology","Semiconductors","http://www.nasdaq.com/symbol/adi",
"ANSS","ANSYS, Inc.","86.44","7781635748.44","n/a","1996","Technology","Computer Software: Prepackaged Software","http://www.nasdaq.com/symbol/anss",
"AOL","AOL Inc.","40.9","3185544434.8","n/a","n/a","Technology","EDP Services","http://www.nasdaq.com/symbol/aol",
"ATNY","API Technologies Corp.","1.8932","104878327.3888","n/a","n/a","Technology","Semiconductors","http://www.nasdaq.com/symbol/atny",
"AAPL","Apple Inc.","129.09","751916719320","n/a","1980","Technology","Computer Manufacturing","http://www.nasdaq.com/symbol/aapl",
"AMAT","Applied Materials, Inc.","25.63","31491496984.86","n/a","1972","Technology","Semiconductors","http://www.nasdaq.com/symbol/amat",
"AMCC","Applied Micro Circuits Corporation","5.66","447933141.46","n/a","1997","Technology","Semiconductors","http://www.nasdaq.com/symbol/amcc",
"AAOI","Applied Optoelectronics, Inc.","13.27","196609049.85","n/a","2013","Technology","Semiconductors","http://www.nasdaq.com/symbol/aaoi",
"ARIS","ARI Network Services, Inc.","3.6","51230275.2","n/a","1991","Technology","Computer Software: Programming, Data Processing","http://www.nasdaq.com/symbol/aris",
"ANET","Arista Networks, Inc.","69.07","4449866522.2","n/a","2014","Technology","Computer Communications Equipment","http://www.nasdaq.com/symbol/anet",
"ARMH","ARM Holdings plc","54.63","6744909065.85","123465295","n/a","Technology","Semiconductors","http://www.nasdaq.com/symbol/armh",
"ARRS","ARRIS Group, Inc.","29.81","4327264016.9","n/a","n/a","Technology","Radio And Television Broadcasting And Communications Equipment","http://www.nasdaq.com/symbol/arrs",
"ARUN","Aruba Networks, Inc.","24.65","2705712549.75","n/a","2007","Technology","Computer peripheral equipment","http://www.nasdaq.com/symbol/arun",
"ASTI","Ascent Solar Technologies, Inc.","1.46","33741413.22","n/a","n/a","Technology","Semiconductors","http://www.nasdaq.com/symbol/asti",
"ASMI","ASM International N.V.","45.84","112913179.68","2463202","n/a","Technology","Industrial Machinery/Components","http://www.nasdaq.com/symbol/asmi",
"ASML","ASML Holding N.V.","109.93","8974774683.02","81640814","1995","Technology","Industrial Machinery/Components","http://www.nasdaq.com/symbol/asml",
"AZPN","Aspen Technology, Inc.","38.31","3379813667.43","n/a","1994","Technology","EDP Services","http://www.nasdaq.com/symbol/azpn",
"ALOT","Astro-Med, Inc.","14.16","102511263.36","n/a","1983","Technology","Computer peripheral equipment","http://www.nasdaq.com/symbol/alot",
"ASUR","Asure Software Inc","5.826","35244946.296","n/a","n/a","Technology","EDP Services","http://www.nasdaq.com/symbol/asur",
"ATML","Atmel Corporation","8.86","3687978712.34","n/a","1991","Technology","Semiconductors","http://www.nasdaq.com/symbol/atml",
"ATTU","Attunity Ltd.","9.48","143901356.64","n/a","n/a","Technology","Computer Software: Prepackaged Software","http://www.nasdaq.com/symbol/attu",
"AUO","AU Optronics Corp","4.91","4725504349.01","n/a","2002","Technology","Semiconductors","http://www.nasdaq.com/symbol/auo",
"ADNC","Audience, Inc.","5.19","119248917.3","n/a","2012","Technology","Semiconductors","http://www.nasdaq.com/symbol/adnc",
"ADAT","Authentidate Holding Corp.","0.6706","28010019.1364","n/a","n/a","Technology","EDP Services","http://www.nasdaq.com/symbol/adat",
"ABTL","Autobytel Inc.","13.47","119618678.19","n/a","1999","Technology","Computer Software: Programming, Data Processing","http://www.nasdaq.com/symbol/abtl",
"ADSK","Autodesk, Inc.","64","14561312256","n/a","n/a","Technology","Computer Software: Prepackaged Software","http://www.nasdaq.com/symbol/adsk",
"ATHM","Autohome Inc.","38.51","4048804150.36","n/a","2013","Technology","EDP Services","http://www.nasdaq.com/symbol/athm",
"ADP","Automatic Data Processing, Inc.","90.18","42849217460.16","n/a","n/a","Technology","EDP Services","http://www.nasdaq.com/symbol/adp",
"AVGO","Avago Technologies Limited","129.02","33076782826.44","n/a","2009","Technology","Semiconductors","http://www.nasdaq.com/symbol/avgo",
"AVG","AVG Technologies N.V.","22.66","1168828247.18","n/a","2012","Technology","Computer Software: Prepackaged Software","http://www.nasdaq.com/symbol/avg",
"AVNW","Aviat Networks, Inc.","1.27","79156896.55","n/a","n/a","Technology","Radio And Television Broadcasting And Communications Equipment","http://www.nasdaq.com/symbol/avnw",
"AVOL","Avolon Holdings Limited","19.8","1602857143.8","n/a","2014","Technology","Diversified Commercial Services","http://www.nasdaq.com/symbol/avol",
"AWRE","Aware, Inc.","4.59","104952943.35","n/a","1996","Technology","Computer Software: Prepackaged Software","http://www.nasdaq.com/symbol/awre",
"ACLS","Axcelis Technologies, Inc.","2.88","322573256.64","n/a","2000","Technology","Industrial Machinery/Components","http://www.nasdaq.com/symbol/acls",
"AXTI","AXT Inc","2.78","91287560.56","n/a","1998","Technology","Semiconductors","http://www.nasdaq.com/symbol/axti",
"BOSC","B.O.S. Better Online Solutions","3.0599","4095639.4312","n/a","n/a","Technology","Computer Communications Equipment","http://www.nasdaq.com/symbol/bosc",
"BIDU","Baidu, Inc.","205.04","56808913453.6","277062590","2005","Technology","Computer Software: Programming, Data Processing","http://www.nasdaq.com/symbol/bidu",
"CUDA","Barracuda Networks, Inc.","38.35","2013690275.35","n/a","2013","Technology","Computer peripheral equipment","http://www.nasdaq.com/symbol/cuda",
"BBSI","Barrett Business Services, Inc.","38.96","277259814","n/a","1993","Technology","Professional Services","http://www.nasdaq.com/symbol/bbsi",
"BV","Bazaarvoice, Inc.","9.19","722653784.43","n/a","2012","Technology","Computer Software: Prepackaged Software","http://www.nasdaq.com/symbol/bv",
"BHE","Benchmark Electronics, Inc.","23.73","1260605016.93","n/a","n/a","Technology","Electrical Products","http://www.nasdaq.com/symbol/bhe",
"BNFT","Benefitfocus, Inc.","34.42","879622065.42","n/a","2013","Technology","Computer Software: Prepackaged Software","http://www.nasdaq.com/symbol/bnft",
"BGSF","BG Staffing Inc","12.8592","72116258.184","n/a","n/a","Technology","Professional Services","http://www.nasdaq.com/symbol/bgsf",
"BITA","Bitauto Holdings Limited","64.02","2917759194.9","n/a","2010","Technology","EDP Services","http://www.nasdaq.com/symbol/bita",
"BBOX","Black Box Corporation","22.25","341831200","n/a","n/a","Technology","Computer Communications Equipment","http://www.nasdaq.com/symbol/bbox",
"BLKB","Blackbaud, Inc.","45.72","2117297406.24","n/a","2004","Technology","Computer Software: Prepackaged Software","http://www.nasdaq.com/symbol/blkb",
"BDR","Blonder Tongue Laboratories, Inc.","1.78","11087744.6","n/a","n/a","Technology","Radio And Television Broadcasting And Communications Equipment","http://www.nasdaq.com/symbol/bdr",
"BCOR","Blucora, Inc.","15.04","617302481.92","n/a","n/a","Technology","EDP Services","http://www.nasdaq.com/symbol/bcor",
"EPAY","Bottomline Technologies, Inc.","26.69","1064132835.55","n/a","1999","Technology","Computer Software: Prepackaged Software","http://www.nasdaq.com/symbol/epay",
"BOX","Box, Inc.","18.79","2187995950.58","n/a","2015","Technology","Computer Software: Prepackaged Software","http://www.nasdaq.com/symbol/box",
"BLIN          ","Bridgeline Digital, Inc.","0.5","10987264.5","n/a","n/a","Technology","Computer Software: Prepackaged Software","http://www.nasdaq.com/symbol/blin          ",
"BCOV","Brightcove Inc.","8.06","260118107.08","n/a","2012","Technology","EDP Services","http://www.nasdaq.com/symbol/bcov",
"BRCM","Broadcom Corporation","46.19","27667810000","n/a","1998","Technology","Semiconductors","http://www.nasdaq.com/symbol/brcm",
"BSFT","BroadSoft, Inc.","33.07","958262908.28","n/a","2010","Technology","Computer Software: Prepackaged Software","http://www.nasdaq.com/symbol/bsft",
"BVSN","BroadVision, Inc.","6.08","29318629.44","n/a","1996","Technology","Computer Software: Prepackaged Software","http://www.nasdaq.com/symbol/bvsn",
"BRCD","Brocade Communications Systems, Inc.","12.6","5325558701.4","n/a","1999","Technology","Computer Communications Equipment","http://www.nasdaq.com/symbol/brcd",
"BRKS","Brooks Automation, Inc.","12.31","828636041.67","n/a","1995","Technology","Industrial Machinery/Components","http://www.nasdaq.com/symbol/brks",
"CA","CA Inc.","32.84","14541724508.52","n/a","n/a","Technology","Computer Software: Prepackaged Software","http://www.nasdaq.com/symbol/ca",
"CCMP","Cabot Microelectronics Corporation","52.14","1255233532.74","n/a","2000","Technology","Semiconductors","http://www.nasdaq.com/symbol/ccmp",
"CACI","CACI International, Inc.","88.85","2146864158.05","n/a","n/a","Technology","EDP Services","http://www.nasdaq.com/symbol/caci",
"CDNS","Cadence Design Systems, Inc.","18.59","5434303160","n/a","n/a","Technology","Computer Software: Prepackaged Software","http://www.nasdaq.com/symbol/cdns",
"CAP","Cai International, Inc.","24.81","515620672.56","n/a","2007","Technology","Diversified Commercial Services","http://www.nasdaq.com/symbol/cap",
"CAMP","CalAmp Corp.","19.27","697673471.74","n/a","1983","Technology","Radio And Television Broadcasting And Communications Equipment","http://www.nasdaq.com/symbol/camp",
"CALD","Callidus Software, Inc.","14.42","701225565.6","n/a","2003","Technology","EDP Services","http://www.nasdaq.com/symbol/cald",
"CSIQ","Canadian Solar Inc.","30.42","1649665740.06","n/a","2006","Technology","Semiconductors","http://www.nasdaq.com/symbol/csiq",
"CARB","Carbonite, Inc.","15.3","416445543.9","n/a","2011","Technology","EDP Services","http://www.nasdaq.com/symbol/carb",
"CSLT","Castlight Health, inc.","7.56","682603316.64","n/a","2014","Technology","EDP Services","http://www.nasdaq.com/symbol/cslt",
"CAVM","Cavium, Inc.","71.73","3867902671.86","n/a","2007","Technology","Semiconductors","http://www.nasdaq.com/symbol/cavm",
"CBDE","CBD Energy Limited","0.9","1828811.7","n/a","n/a","Technology","Semiconductors","http://www.nasdaq.com/symbol/cbde",
"CDI","CDI Corporation","18.48","362573238.72","n/a","n/a","Technology","Professional Services","http://www.nasdaq.com/symbol/cdi",
"CLS","Celestica, Inc.","11.95","1812377116.15","n/a","1998","Technology","Electrical Products","http://www.nasdaq.com/symbol/cls",
"CRNT","Ceragon Networks Ltd.","1.3","104793425.1","n/a","n/a","Technology","Radio And Television Broadcasting And Communications Equipment","http://www.nasdaq.com/symbol/crnt",
"CERN","Cerner Corporation","72.38","24796540792.1","n/a","1986","Technology","EDP Services","http://www.nasdaq.com/symbol/cern",
"CEVA","CEVA, Inc.","20.27","409286367.1","n/a","n/a","Technology","Semiconductors","http://www.nasdaq.com/symbol/ceva",
"CYOU","Changyou.com Limited","27.85","340253002.55","12217343","2009","Technology","Computer Software: Prepackaged Software","http://www.nasdaq.com/symbol/cyou",
"ECOM          ","ChannelAdvisor Corporation","9.86","245792367.52","n/a","2013","Technology","Computer Software: Prepackaged Software","http://www.nasdaq.com/symbol/ecom          ",
"CHKP","Check Point Software Technologies Ltd.","84.35","16093111026.3","n/a","1996","Technology","Computer Software: Prepackaged Software","http://www.nasdaq.com/symbol/chkp",
"CMCM","Cheetah Mobile Inc.","18.51","2589865391.43","n/a","2014","Technology","Computer Software: Prepackaged Software","http://www.nasdaq.com/symbol/cmcm",
"CVR","Chicago Rivet & Machine Co.","34.5","33331554","n/a","n/a","Technology","Industrial Machinery/Components","http://www.nasdaq.com/symbol/cvr",
"STV","China Digital TV Holding Co., Ltd.","3.63","216116656.47","n/a","2007","Technology","Computer Software: Prepackaged Software","http://www.nasdaq.com/symbol/stv",
"CNIT","China Information Technology, Inc.","3.37","101017165.4","n/a","n/a","Technology","Computer Software: Prepackaged Software","http://www.nasdaq.com/symbol/cnit",
"CMGE","China Mobile Games and Entertainment Group Limited","17.95","260054017.55","14487689","n/a","Technology","Computer Software: Prepackaged Software","http://www.nasdaq.com/symbol/cmge",
"CSUN","China Sunergy Co., Ltd.","1.93","22174331.63","11489291","2007","Technology","Semiconductors","http://www.nasdaq.com/symbol/csun",
"CCIH","ChinaCache International Holdings Ltd.","9.53","158104158.09","16590153","2010","Technology","EDP Services","http://www.nasdaq.com/symbol/ccih",
"CNET","ChinaNet Online Holdings, Inc.","1.68","48518618.4","n/a","n/a","Technology","Advertising","http://www.nasdaq.com/symbol/cnet",
"IMOS","ChipMOS TECHNOLOGIES (Bermuda) LTD.","23.55","696726750","n/a","n/a","Technology","Semiconductors","http://www.nasdaq.com/symbol/imos",
"CBR","Ciber, Inc.","4","314606544","n/a","n/a","Technology","EDP Services","http://www.nasdaq.com/symbol/cbr",
"CRUS","Cirrus Logic, Inc.","31.4","1969843455.2","n/a","1989","Technology","Semiconductors","http://www.nasdaq.com/symbol/crus",
"CSCO","Cisco Systems, Inc.","30.19","154112060477.49","n/a","1990","Technology","Computer Communications Equipment","http://www.nasdaq.com/symbol/csco",
"CTXS","Citrix Systems, Inc.","63.67","10176104929.47","n/a","1995","Technology","Computer Software: Prepackaged Software","http://www.nasdaq.com/symbol/ctxs",
"CLNT","Cleantech Solutions International, Inc.","3.54","13664350.44","n/a","n/a","Technology","Industrial Machinery/Components","http://www.nasdaq.com/symbol/clnt",
"CKSW","ClickSoftware Technologies Ltd.","8.42","273604321.5","n/a","2000","Technology","Computer Software: Prepackaged Software","http://www.nasdaq.com/symbol/cksw",
"CCOI","Cogent Communications Holdings, Inc.","36.45","1690971414.3","n/a","n/a","Technology","Computer Software: Prepackaged Software","http://www.nasdaq.com/symbol/ccoi",
"CTSH","Cognizant Technology Solutions Corporation","62.92","38357074899","n/a","1998","Technology","EDP Services","http://www.nasdaq.com/symbol/ctsh",
"CLRX","CollabRx, Inc.","1.4","10286669.4","n/a","n/a","Technology","EDP Services","http://www.nasdaq.com/symbol/clrx",
"COMM","CommScope Holding Company, Inc.","31.47","5922460081.86","n/a","2013","Technology","Radio And Television Broadcasting And Communications Equipment","http://www.nasdaq.com/symbol/comm",
"CVLT","CommVault Systems, Inc.","49.13","2205789167.83","n/a","2006","Technology","Computer Software: Prepackaged Software","http://www.nasdaq.com/symbol/cvlt",
"CPSI","Computer Programs and Systems, Inc.","52.86","592501343.94","n/a","2002","Technology","EDP Services","http://www.nasdaq.com/symbol/cpsi",
"CSC","Computer Sciences Corporation","71","10014306257","n/a","n/a","Technology","EDP Services","http://www.nasdaq.com/symbol/csc",
"CTG","Computer Task Group, Incorporated","7.7","144364412.5","n/a","n/a","Technology","EDP Services","http://www.nasdaq.com/symbol/ctg",
"CMTL","Comtech Telecommunications Corp.","35.48","575312138.28","n/a","n/a","Technology","Radio And Television Broadcasting And Communications Equipment","http://www.nasdaq.com/symbol/cmtl",
"CCUR","Concurrent Computer Corporation","6.08","57455762.88","n/a","n/a","Technology","Computer Manufacturing","http://www.nasdaq.com/symbol/ccur",
"CNXR","Connecture, Inc.","8.89","192740445.1","n/a","2014","Technology","Computer Software: Prepackaged Software","http://www.nasdaq.com/symbol/cnxr",
"CTCT","Constant Contact, Inc.","42.03","1350502748.28","n/a","2007","Technology","Advertising","http://www.nasdaq.com/symbol/ctct",
"CVG","Convergys Corporation","22.59","2237400639.27","n/a","1998","Technology","EDP Services","http://www.nasdaq.com/symbol/cvg",
"CLGX","CoreLogic, Inc.","33.56","3013368441.68","n/a","n/a","Technology","EDP Services","http://www.nasdaq.com/symbol/clgx",
"CSOD","Cornerstone OnDemand, Inc.","31.97","1722624260.31","n/a","2011","Technology","Computer Software: Prepackaged Software","http://www.nasdaq.com/symbol/csod",
"CRRS","Corporate Resource Services, Inc.","0.154","24334310","n/a","n/a","Technology","Professional Services","http://www.nasdaq.com/symbol/crrs",
"CPAH","CounterPath Corporation","0.4498","19084290.2718","n/a","n/a","Technology","Computer Software: Prepackaged Software","http://www.nasdaq.com/symbol/cpah",
"COVR","Cover-All Technologies Inc.","1.06","28236785.62","n/a","n/a","Technology","Computer Software: Prepackaged Software","http://www.nasdaq.com/symbol/covr",
"COVS","Covisint Corporation","2.5","97530375","n/a","2013","Technology","EDP Services","http://www.nasdaq.com/symbol/covs",
"CRAY","Cray Inc","30.27","1235822725.77","n/a","n/a","Technology","Computer Manufacturing","http://www.nasdaq.com/symbol/cray",
"CREE","Cree, Inc.","39.5","4409388910.5","n/a","1993","Technology","Semiconductors","http://www.nasdaq.com/symbol/cree",
"CRTO","Criteo S.A.","45.69","1973022360.45","43182805","2013","Technology","Advertising","http://www.nasdaq.com/symbol/crto",
"CCRN","Cross Country Healthcare, Inc.","12.3","384436057.2","n/a","2001","Technology","Professional Services","http://www.nasdaq.com/symbol/ccrn",
"CRDS","Crossroads Systems, Inc.","2.53","40563472.29","n/a","1999","Technology","Computer peripheral equipment","http://www.nasdaq.com/symbol/crds",
"CSGS","CSG Systems International, Inc.","29.97","1024288795.89","n/a","1996","Technology","EDP Services","http://www.nasdaq.com/symbol/csgs",
"CSPI","CSP Inc.","7.36","26905569.28","n/a","1982","Technology","EDP Services","http://www.nasdaq.com/symbol/cspi",
"CSRE","CSR plc","53.135","25998477.285","489291","n/a","Technology","Semiconductors","http://www.nasdaq.com/symbol/csre",
"CTP","CTPartners Executive Search Inc.","6.58","47772622.66","n/a","2010","Technology","Diversified Commercial Services","http://www.nasdaq.com/symbol/ctp",
"CTS","CTS Corporation","17.71","592280595.06","n/a","n/a","Technology","Electrical Products","http://www.nasdaq.com/symbol/cts",
"CW","Curtiss-Wright Corporation","73.41","3507767134.53","n/a","n/a","Technology","Industrial Machinery/Components","http://www.nasdaq.com/symbol/cw",
"CVV","CVD Equipment Corporation","14.8","90882463.6","n/a","n/a","Technology","Industrial Machinery/Components","http://www.nasdaq.com/symbol/cvv",
"CVT","CVENT, INC.","29.68","1226563278.08","n/a","1987","Technology","Computer Software: Prepackaged Software","http://www.nasdaq.com/symbol/cvt",
"CYNI","Cyan, Inc.","3.99","188141886.45","n/a","2013","Technology","EDP Services","http://www.nasdaq.com/symbol/cyni",
"CYBR","CyberArk Software Ltd.","57.74","1761148064.48","n/a","2014","Technology","Computer Software: Prepackaged Software","http://www.nasdaq.com/symbol/cybr",
"CY","Cypress Semiconductor Corporation","15.4","2546133359","n/a","1986","Technology","Semiconductors","http://www.nasdaq.com/symbol/cy",
"CYRN","CYREN Ltd.","2.72","72322142.56","n/a","n/a","Technology","Computer Software: Prepackaged Software","http://www.nasdaq.com/symbol/cyrn",
"DAEG","Daegis Inc","0.63","10322199.72","n/a","n/a","Technology","Computer Software: Prepackaged Software","http://www.nasdaq.com/symbol/daeg",
"DQ","DAQO New Energy Corp.","28.1","251301503.4","n/a","2010","Technology","Semiconductors","http://www.nasdaq.com/symbol/dq",
"DTLK","Datalink Corporation","11.89","273881191.87","n/a","1999","Technology","EDP Services","http://www.nasdaq.com/symbol/dtlk",
"DRAM","Dataram Corporation","3.08","7986476.96","n/a","n/a","Technology","Electronic Components","http://www.nasdaq.com/symbol/dram",
"DWCH","Datawatch Corporation","6.79","77071191.89","n/a","1992","Technology","Computer Software: Prepackaged Software","http://www.nasdaq.com/symbol/dwch",
"TRAK","Dealertrack Technologies, Inc.","39.57","2151125193.39","n/a","2005","Technology","EDP Services","http://www.nasdaq.com/symbol/trak",
"DMD","Demand Media Inc.","5.11","100050774.88","n/a","2011","Technology","EDP Services","http://www.nasdaq.com/symbol/dmd",
"DWRE","DEMANDWARE, INC.","64.17","2329991395.56","n/a","2012","Technology","EDP Services","http://www.nasdaq.com/symbol/dwre",
"DGII","Digi International Inc.","10.62","258679273.14","n/a","1989","Technology","Computer Communications Equipment","http://www.nasdaq.com/symbol/dgii",
"DMRC","Digimarc Corporation","25.16","214056248","n/a","n/a","Technology","EDP Services","http://www.nasdaq.com/symbol/dmrc",
"DGLY","Digital Ally, Inc.","13.49","40611739.43","n/a","n/a","Technology","Radio And Television Broadcasting And Communications Equipment","http://www.nasdaq.com/symbol/dgly",
"DIOD","Diodes Incorporated","28.87","1373738878.44","n/a","n/a","Technology","Semiconductors","http://www.nasdaq.com/symbol/diod",
"DLHC","DLH Holdings Corp.","2.07","19936259.01","n/a","n/a","Technology","Professional Services","http://www.nasdaq.com/symbol/dlhc",
"DSS","Document Security Systems, Inc.","0.431","18194084.874","n/a","n/a","Technology","EDP Services","http://www.nasdaq.com/symbol/dss",
"DLB","Dolby Laboratories","41.21","4227844054.33","n/a","2005","Technology","Radio And Television Broadcasting And Communications Equipment","http://www.nasdaq.com/symbol/dlb",
"HILL","Dot Hill Systems Corporation","4.14","250583241.42","n/a","n/a","Technology","Electronic Components","http://www.nasdaq.com/symbol/hill",
"DOV","Dover Corporation","72.41","11806098370.17","n/a","n/a","Technology","Industrial Machinery/Components","http://www.nasdaq.com/symbol/dov",
"DSPG","DSP Group, Inc.","11.54","249404707.22","n/a","1994","Technology","Semiconductors","http://www.nasdaq.com/symbol/dspg",
"DST","DST Systems, Inc.","108.36","4020559966.08","n/a","1995","Technology","EDP Services","http://www.nasdaq.com/symbol/dst",
"EOPN","E2open, Inc.","8.57","251275485.2","n/a","2012","Technology","Computer Software: Prepackaged Software","http://www.nasdaq.com/symbol/eopn",
"ELNK","EarthLink Holdings Corp.","4.34","443995575.52","n/a","n/a","Technology","Computer Software: Programming, Data Processing","http://www.nasdaq.com/symbol/elnk",
"ETN","Eaton Corporation, PLC","71","33220900000","n/a","n/a","Technology","Industrial Machinery/Components","http://www.nasdaq.com/symbol/etn",
"EBIX","Ebix, Inc.","26.4","968290303.2","n/a","n/a","Technology","EDP Services","http://www.nasdaq.com/symbol/ebix",
"ELON","Echelon Corporation","1.14","50109666.72","n/a","1998","Technology","Computer Communications Equipment","http://www.nasdaq.com/symbol/elon",
"SATS","EchoStar Corporation","54.71","5022163755.64","n/a","n/a","Technology","Radio And Television Broadcasting And Communications Equipment","http://www.nasdaq.com/symbol/sats",
"EDGW","Edgewater Technology, Inc.","6.99","79527543.69","n/a","n/a","Technology","Computer Software: Programming, Data Processing","http://www.nasdaq.com/symbol/edgw",
"EFUT","eFuture Information Technology Inc.","3.9099","15599038.6974","n/a","n/a","Technology","EDP Services","http://www.nasdaq.com/symbol/efut",
"EGAN","eGain Corporation","3.22","85927886.38","n/a","1999","Technology","Computer Software: Prepackaged Software","http://www.nasdaq.com/symbol/egan",
"ELRC","Electro Rent Corporation","13.01","313603890.34","n/a","n/a","Technology","Diversified Commercial Services","http://www.nasdaq.com/symbol/elrc",
"EA","Electronic Arts Inc.","57.445","17810011930.83","n/a","n/a","Technology","Computer Software: Prepackaged Software","http://www.nasdaq.com/symbol/ea",
"EFII","Electronics for Imaging, Inc.","40.58","1902987697.02","n/a","1992","Technology","Computer Communications Equipment","http://www.nasdaq.com/symbol/efii",
"ELLI","Ellie Mae, Inc.","53.57","1539864239.43","n/a","2011","Technology","Computer Software: Prepackaged Software","http://www.nasdaq.com/symbol/elli",
"ELTK","Eltek Ltd.","1.18","11968459.16","n/a","1997","Technology","Electrical Products","http://www.nasdaq.com/symbol/eltk",
"EMAN","eMagin Corporation","3.52","88080520","n/a","n/a","Technology","Semiconductors","http://www.nasdaq.com/symbol/eman",
"EMC","EMC Corporation","28.88","58768157508.88","n/a","n/a","Technology","Electronic Components","http://www.nasdaq.com/symbol/emc",
"EMKR","EMCORE Corporation","5.48","175944228.28","n/a","1997","Technology","Semiconductors","http://www.nasdaq.com/symbol/emkr",
"ELX","Emulex Corporation","7.96","572422465.2","n/a","n/a","Technology","Computer Communications Equipment","http://www.nasdaq.com/symbol/elx",
"EIGI","Endurance International Group Holdings, Inc.","19.28","2551864013.76","n/a","2013","Technology","Computer Software: Prepackaged Software","http://www.nasdaq.com/symbol/eigi",
"WATT","Energous Corporation","9.85","125897794.7","n/a","2014","Technology","Radio And Television Broadcasting And Communications Equipment","http://www.nasdaq.com/symbol/watt",
"ERII","Energy Recovery, Inc.","3.44","178455211.6","n/a","2008","Technology","Industrial Machinery/Components","http://www.nasdaq.com/symbol/erii",
"ENOC","EnerNOC, Inc.","12.82","374028551.08","n/a","2007","Technology","Computer Software: Programming, Data Processing","http://www.nasdaq.com/symbol/enoc",
"ENPH","Enphase Energy, Inc.","13.81","602455325.51","n/a","2012","Technology","Semiconductors","http://www.nasdaq.com/symbol/enph",
"ENTR","Entropic Communications, Inc.","3","272901582","n/a","2007","Technology","Semiconductors","http://www.nasdaq.com/symbol/entr",
"ENVI","Envivio, Inc.","1.45","40183258.4","n/a","2012","Technology","Radio And Television Broadcasting And Communications Equipment","http://www.nasdaq.com/symbol/envi",
"EPAM","EPAM Systems, Inc.","61.7","2955802236.1","n/a","2012","Technology","EDP Services","http://www.nasdaq.com/symbol/epam",
"EPIQ","EPIQ Systems, Inc.","17.62","641496996.02","n/a","1997","Technology","EDP Services","http://www.nasdaq.com/symbol/epiq",
"PLUS","ePlus inc.","85.45","631503613.05","n/a","1996","Technology","Retail: Computer Software & Peripheral Equipment","http://www.nasdaq.com/symbol/plus",
"ERIC","Ericsson","12.91","2908761898.69","225310759","n/a","Technology","Radio And Television Broadcasting And Communications Equipment","http://www.nasdaq.com/symbol/eric",
"EVTC","Evertec, Inc.","21.39","1667834619.87","n/a","2013","Technology","EDP Services","http://www.nasdaq.com/symbol/evtc",
"EVOL","Evolving Systems, Inc.","8.48","98905852.48","n/a","1998","Technology","EDP Services","http://www.nasdaq.com/symbol/evol",
"EXA","Exa Corporation","10.175","140795514.475","n/a","2012","Technology","Computer Software: Prepackaged Software","http://www.nasdaq.com/symbol/exa",
"EXAR","Exar Corporation","10.96","519978874.88","n/a","1985","Technology","Semiconductors","http://www.nasdaq.com/symbol/exar",
"EXH","Exterran Holdings, Inc.","32.27","2224176027.85","n/a","n/a","Technology","Diversified Commercial Services","http://www.nasdaq.com/symbol/exh",
"EXTR","Extreme Networks, Inc.","3.6","357573520.8","n/a","1999","Technology","Computer Communications Equipment","http://www.nasdaq.com/symbol/extr",
"EZCH","EZchip Semiconductor Limited","22.01","653673339.25","n/a","n/a","Technology","Computer Communications Equipment","http://www.nasdaq.com/symbol/ezch",
"FFIV","F5 Networks, Inc.","119.56","8624881570.76","n/a","1999","Technology","Computer Communications Equipment","http://www.nasdaq.com/symbol/ffiv",
"FB","Facebook, Inc.","79.75","223221192166.5","n/a","2012","Technology","Computer Software: Programming, Data Processing","http://www.nasdaq.com/symbol/fb",
"FDS","FactSet Research Systems Inc.","155.86","6500480295.5","n/a","1996","Technology","Computer Software: Programming, Data Processing","http://www.nasdaq.com/symbol/fds",
"FCS","Fairchild Semiconductor International, Inc.","17.98","2105295047.26","n/a","1999","Technology","Semiconductors","http://www.nasdaq.com/symbol/fcs",
"FALC","FalconStor Software, Inc.","1.57","64256752.76","n/a","n/a","Technology","Computer Software: Prepackaged Software","http://www.nasdaq.com/symbol/falc",
"FNSR","Finisar Corporation","21.33","2205977246.19","n/a","1999","Technology","Semiconductors","http://www.nasdaq.com/symbol/fnsr",
"FEYE","FireEye, Inc.","44.82","6741819380.16","n/a","2013","Technology","Computer peripheral equipment","http://www.nasdaq.com/symbol/feye",
"FSLR","First Solar, Inc.","61.11","6128834525.73","n/a","2006","Technology","Semiconductors","http://www.nasdaq.com/symbol/fslr",
"FISV","Fiserv, Inc.","78.87","18825702319.05","n/a","1986","Technology","EDP Services","http://www.nasdaq.com/symbol/fisv",
"FIVN","Five9, Inc.","3.93","192095700.09","n/a","2014","Technology","EDP Services","http://www.nasdaq.com/symbol/fivn",
"FLTX","Fleetmatics Group PLC","40.87","1542729821.41","n/a","2012","Technology","Computer Software: Prepackaged Software","http://www.nasdaq.com/symbol/fltx",
"FLEX","Flextronics International Ltd.","12.23","7000157758.43","n/a","1994","Technology","Electrical Products","http://www.nasdaq.com/symbol/flex",
"FORM","FormFactor, Inc.","10.26","578785468.14","n/a","2003","Technology","Semiconductors","http://www.nasdaq.com/symbol/form",
"FORTY","Formula Systems (1985) Ltd.","24.59","7472384.61","303879","n/a","Technology","EDP Services","http://www.nasdaq.com/symbol/forty",
"FTNT","Fortinet, Inc.","34.1","5621587656.3","n/a","2009","Technology","Computer peripheral equipment","http://www.nasdaq.com/symbol/ftnt",
"FSL","Freescale Semiconductor, Ltd.","40.36","12363815039.16","n/a","2011","Technology","Semiconductors","http://www.nasdaq.com/symbol/fsl",
"JOB","General Employment Enterprises, Inc.","1.11","32183355.54","n/a","n/a","Technology","Diversified Commercial Services","http://www.nasdaq.com/symbol/job",
"GIGM","GigaMedia Limited","0.81","41182489.8","n/a","n/a","Technology","Computer Software: Programming, Data Processing","http://www.nasdaq.com/symbol/gigm",
"GIMO","Gigamon Inc.","20.78","676431245.74","n/a","2013","Technology","EDP Services","http://www.nasdaq.com/symbol/gimo",
"GIG","GigOptix, Inc.","1.3999","46001086.3734","n/a","n/a","Technology","Semiconductors","http://www.nasdaq.com/symbol/gig",
"GILT","Gilat Satellite Networks Ltd.","4.88","207975347.12","n/a","n/a","Technology","Radio And Television Broadcasting And Communications Equipment","http://www.nasdaq.com/symbol/gilt",
"GSB","GlobalSCAPE, Inc.","3.24","67935079.08","n/a","n/a","Technology","Computer Software: Prepackaged Software","http://www.nasdaq.com/symbol/gsb",
"GLOB","Globant S.A.","17.52","584207168.16","n/a","2014","Technology","EDP Services","http://www.nasdaq.com/symbol/glob",
"GLUU","Glu Mobile Inc.","5.12","547577676.8","n/a","2007","Technology","EDP Services","http://www.nasdaq.com/symbol/gluu",
"GOOG","Google Inc.","571.34","388867020267.88","n/a","2004","Technology","Computer Software: Programming, Data Processing","http://www.nasdaq.com/symbol/goog",
"GOOGL","Google Inc.","575.02","391371712105.64","n/a","n/a","Technology","Computer Software: Programming, Data Processing","http://www.nasdaq.com/symbol/googl",
"GHM","Graham Corporation","23.52","238195083.84","n/a","n/a","Technology","Industrial Machinery/Components","http://www.nasdaq.com/symbol/ghm",
"GRPN","Groupon, Inc.","8.13","5490701832.27","n/a","2011","Technology","Advertising","http://www.nasdaq.com/symbol/grpn",
"GVP","GSE Systems, Inc.","1.54","27547302.86","n/a","n/a","Technology","Computer Software: Prepackaged Software","http://www.nasdaq.com/symbol/gvp",
"GSIT","GSI Technology, Inc.","5.77","134940566.6","n/a","2007","Technology","Semiconductors","http://www.nasdaq.com/symbol/gsit",
"GUID","Guidance Software, Inc.","5.85","175113900","n/a","2006","Technology","Computer Software: Prepackaged Software","http://www.nasdaq.com/symbol/guid",
"GWRE","Guidewire Software, Inc.","54.73","3808599019.29","n/a","2012","Technology","Computer Software: Prepackaged Software","http://www.nasdaq.com/symbol/gwre",
"HQCL","Hanwha Q CELLS Co., Ltd. ","1.16","63817690","55015250","n/a","Technology","Semiconductors","http://www.nasdaq.com/symbol/hqcl",
"HLIT","Harmonic Inc.","7.92","697427501.76","n/a","1995","Technology","Radio And Television Broadcasting And Communications Equipment","http://www.nasdaq.com/symbol/hlit",
"HHS","Harte-Hanks, Inc.","7.84","486616185.44","n/a","1993","Technology","Advertising","http://www.nasdaq.com/symbol/hhs",
"HSTM","HealthStream, Inc.","26.15","723921223.8","n/a","2000","Technology","Computer Software: Programming, Data Processing","http://www.nasdaq.com/symbol/hstm",
"HSII","Heidrick & Struggles International, Inc.","24.78","452094670.86","n/a","1999","Technology","Diversified Commercial Services","http://www.nasdaq.com/symbol/hsii",
"HPQ","Hewlett-Packard Company","34.92","64046143195.56","n/a","n/a","Technology","Computer Manufacturing","http://www.nasdaq.com/symbol/hpq",
"HIMX","Himax Technologies, Inc.","7.39","756675527.63","102391817","2006","Technology","Semiconductors","http://www.nasdaq.com/symbol/himx",
"AWAY","HomeAway, Inc.","31.18","2947563946.36","n/a","2011","Technology","EDP Services","http://www.nasdaq.com/symbol/away",
"HDP","Hortonworks, Inc.","22.36","930566204.36","n/a","2014","Technology","Computer Software: Prepackaged Software","http://www.nasdaq.com/symbol/hdp",
"HUBS","HubSpot, Inc.","41.64","1307088469.32","n/a","2014","Technology","Computer Software: Prepackaged Software","http://www.nasdaq.com/symbol/hubs",
"HSON","Hudson Global, Inc.","2.82","94587873.18","n/a","n/a","Technology","Professional Services","http://www.nasdaq.com/symbol/hson",
"INVE","Identiv, Inc.","9.86","104936381.1","n/a","n/a","Technology","Computer peripheral equipment","http://www.nasdaq.com/symbol/inve",
"DSKY","iDreamSky Technology Limited","11.38","100769900","8855000","2014","Technology","Computer Software: Prepackaged Software","http://www.nasdaq.com/symbol/dsky",
"IEC","IEC Electronics Corp.","4.17","42291168.39","n/a","n/a","Technology","Electrical Products","http://www.nasdaq.com/symbol/iec",
"IGTE","iGATE Corporation","43","3477519349","n/a","n/a","Technology","EDP Services","http://www.nasdaq.com/symbol/igte",
"IHS","IHS Inc.","117.94","8112250980.16","n/a","2005","Technology","Computer Software: Programming, Data Processing","http://www.nasdaq.com/symbol/ihs",
"ITW","Illinois Tool Works Inc.","99.56","37777745908.56","n/a","n/a","Technology","Industrial Machinery/Components","http://www.nasdaq.com/symbol/itw",
"IMN","Imation Corporation","4.1","173164451.2","n/a","n/a","Technology","Electronic Components","http://www.nasdaq.com/symbol/imn",
"IMMR","Immersion Corporation","7.91","219466382.94","n/a","1999","Technology","Computer peripheral equipment","http://www.nasdaq.com/symbol/immr",
"IMPV","Imperva, Inc.","46.98","1248940608.66","n/a","2011","Technology","Computer Software: Prepackaged Software","http://www.nasdaq.com/symbol/impv",
"IMPR","Imprivata, Inc.","13.68","325115159.04","n/a","2014","Technology","Computer Software: Prepackaged Software","http://www.nasdaq.com/symbol/impr",
"IMS","IMS Health Holdings, Inc.","26.85","8997884844.9","n/a","2014","Technology","EDP Services","http://www.nasdaq.com/symbol/ims",
"SAAS","inContact, Inc.","11.9","725832360.4","n/a","n/a","Technology","Computer Software: Prepackaged Software","http://www.nasdaq.com/symbol/saas",
"BLOX","Infoblox Inc.","24.48","1366686355.68","n/a","2012","Technology","EDP Services","http://www.nasdaq.com/symbol/blox",
"INFA","Informatica Corporation","43.33","4741688560","n/a","1999","Technology","Computer Software: Prepackaged Software","http://www.nasdaq.com/symbol/infa",
"INFY","Infosys Limited","36.6","41826667831.2","n/a","n/a","Technology","EDP Services","http://www.nasdaq.com/symbol/infy",
"IM","Ingram Micro Inc.","25.25","3937346958.25","n/a","1996","Technology","Retail: Computer Software & Peripheral Equipment","http://www.nasdaq.com/symbol/im",
"INOD","Innodata Inc.","2.69","68157248.23","n/a","1993","Technology","EDP Services","http://www.nasdaq.com/symbol/inod",
"ISSC","Innovative Solutions and Support, Inc.","4.21","71105375.98","n/a","2000","Technology","EDP Services","http://www.nasdaq.com/symbol/issc",
"INOV","Inovalon Holdings, Inc.","31.01","4480305170.67","n/a","2015","Technology","EDP Services","http://www.nasdaq.com/symbol/inov",
"IPHI","Inphi Corporation","19.88","737581299","n/a","2010","Technology","Semiconductors","http://www.nasdaq.com/symbol/iphi",
"NSP","Insperity, Inc.","52.92","1340914055.04","n/a","n/a","Technology","Professional Services","http://www.nasdaq.com/symbol/nsp",
"IDTI","Integrated Device Technology, Inc.","21.21","3145193952.18","n/a","1984","Technology","Semiconductors","http://www.nasdaq.com/symbol/idti",
"ISSI","Integrated Silicon Solution, Inc.","17.02","536166661.08","n/a","1995","Technology","Semiconductors","http://www.nasdaq.com/symbol/issi",
"INTC","Intel Corporation","34.06","161308160000","n/a","n/a","Technology","Semiconductors","http://www.nasdaq.com/symbol/intc",
"IDN","Intellicheck Mobilisa, Inc.","1.51","14785533.44","n/a","1999","Technology","Computer Software: Prepackaged Software","http://www.nasdaq.com/symbol/idn",
"ININ","Interactive Intelligence Group, Inc.","41.06","880174560.12","n/a","1999","Technology","Computer Software: Prepackaged Software","http://www.nasdaq.com/symbol/inin",
"IMI","Intermolecular, Inc.","1.72","83164155.16","n/a","2011","Technology","Semiconductors","http://www.nasdaq.com/symbol/imi",
"INAP","Internap Corporation","9.63","524582279.91","n/a","1999","Technology","Computer Software: Programming, Data Processing","http://www.nasdaq.com/symbol/inap",
"IBM","International Business Machines Corporation","160.48","158622311122.56","n/a","n/a","Technology","Computer Manufacturing","http://www.nasdaq.com/symbol/ibm",
"IIJI","Internet Initiative Japan, Inc.","9.88","22492709.2","2276590","n/a","Technology","Computer Software: Programming, Data Processing","http://www.nasdaq.com/symbol/iiji",
"INPH","Interphase Corporation","2.1901","18346699.8506","n/a","1984","Technology","Computer Communications Equipment","http://www.nasdaq.com/symbol/inph",
"IPG","Interpublic Group of Companies, Inc. (The)","22.5","9277629907.5","n/a","n/a","Technology","Advertising","http://www.nasdaq.com/symbol/ipg",
"INTX","Intersections, Inc.","3.76","69675157.52","n/a","2004","Technology","EDP Services","http://www.nasdaq.com/symbol/intx",
"ISIL","Intersil Corporation","15.96","2082877946.52","n/a","2000","Technology","Semiconductors","http://www.nasdaq.com/symbol/isil",
"INXN","InterXion Holding N.V.","31.1","2150907100","n/a","2011","Technology","Computer Software: Programming, Data Processing","http://www.nasdaq.com/symbol/inxn",
"IVAC","Intevac, Inc.","6.96","162169183.2","n/a","1995","Technology","Industrial Machinery/Components","http://www.nasdaq.com/symbol/ivac",
"IL","IntraLinks Holdings, Inc.","10.68","605836115.04","n/a","2010","Technology","Computer Software: Prepackaged Software","http://www.nasdaq.com/symbol/il",
"INTU","Intuit Inc.","98.68","27307329278.36","n/a","1993","Technology","Computer Software: Prepackaged Software","http://www.nasdaq.com/symbol/intu",
"INVN","InvenSense, Inc.","17.31","1563248790","n/a","2011","Technology","Semiconductors","http://www.nasdaq.com/symbol/invn",
"IPAS","iPass Inc.","0.94","60752920.04","n/a","2003","Technology","EDP Services","http://www.nasdaq.com/symbol/ipas",
"IPGP","IPG Photonics Corporation","96.17","5018359962.09","n/a","2006","Technology","Semiconductors","http://www.nasdaq.com/symbol/ipgp",
"IXYS","IXYS Corporation","12.3","389284643.4","n/a","n/a","Technology","Semiconductors","http://www.nasdaq.com/symbol/ixys",
"JCOM","j2 Global, Inc.","68.64","3281437748.16","n/a","1999","Technology","Telecommunications Equipment","http://www.nasdaq.com/symbol/jcom",
"JASO","JA Solar Holdings, Co., Ltd.","8.78","379799664.7","43257365","2007","Technology","Semiconductors","http://www.nasdaq.com/symbol/jaso",
"JBL","Jabil Circuit, Inc.","22.3","4308889000.6","n/a","1993","Technology","Electrical Products","http://www.nasdaq.com/symbol/jbl",
"JKHY","Jack Henry & Associates, Inc.","67.05","5483056326.75","n/a","1985","Technology","EDP Services","http://www.nasdaq.com/symbol/jkhy",
"JDSU","JDS Uniphase Corporation","13.81","3213376356.07","n/a","n/a","Technology","Semiconductors","http://www.nasdaq.com/symbol/jdsu",
"DATE","Jiayuan.com International Ltd.","4.64","56993843.84","12283156","2011","Technology","EDP Services","http://www.nasdaq.com/symbol/date",
"JKS","JinkoSolar Holding Company Limited","22.81","708627024.67","n/a","2010","Technology","Semiconductors","http://www.nasdaq.com/symbol/jks",
"JIVE","Jive Software, Inc.","5.13","381646462.86","n/a","2011","Technology","EDP Services","http://www.nasdaq.com/symbol/jive",
"JBT","John Bean Technologies Corporation","35.52","1034354015.04","n/a","n/a","Technology","Industrial Machinery/Components","http://www.nasdaq.com/symbol/jbt",
"JNPR","Juniper Networks, Inc.","24.01","9771801544.19","n/a","1999","Technology","Computer Communications Equipment","http://www.nasdaq.com/symbol/jnpr",
"KAI","Kadant Inc","46.27","503735613.71","n/a","n/a","Technology","Industrial Machinery/Components","http://www.nasdaq.com/symbol/kai",
"KELYA","Kelly Services, Inc.","18.21","686982447.6","n/a","n/a","Technology","Professional Services","http://www.nasdaq.com/symbol/kelya",
"KELYB","Kelly Services, Inc.","17.964","677701959.84","n/a","n/a","Technology","Professional Services","http://www.nasdaq.com/symbol/kelyb",
"KTEC","Key Technology, Inc.","12.91","80542004.3","n/a","1993","Technology","Industrial Machinery/Components","http://www.nasdaq.com/symbol/ktec",
"KTCC","Key Tronic Corporation","10.17","107310585.6","n/a","1983","Technology","Computer peripheral equipment","http://www.nasdaq.com/symbol/ktcc",
"KFRC","Kforce, Inc.","23.84","703642081.92","n/a","1995","Technology","Professional Services","http://www.nasdaq.com/symbol/kfrc",
"KE","Kimball Electronics, Inc.","12.76","372231517.24","n/a","n/a","Technology","Electrical Products","http://www.nasdaq.com/symbol/ke",
"KING","King Digital Entertainment plc","15.02","4835822888.28","n/a","2014","Technology","Computer Software: Prepackaged Software","http://www.nasdaq.com/symbol/king",
"KONE","Kingtone Wirelessinfo Solution Holding Ltd","3.18","2271712.5","714375","2010","Technology","EDP Services","http://www.nasdaq.com/symbol/kone",
"KFX","Kofax Limited","6.92","637996320","n/a","2013","Technology","Computer Software: Programming, Data Processing","http://www.nasdaq.com/symbol/kfx",
"KNM","Konami Corporation","20.11","2787446637.47","n/a","n/a","Technology","Computer Software: Prepackaged Software","http://www.nasdaq.com/symbol/knm",
"KZ","KongZhong Corporation","4.925","157374789.6","31954272","n/a","Technology","Telecommunications Equipment","http://www.nasdaq.com/symbol/kz",
"KOPN","Kopin Corporation","4.36","287358247.8","n/a","1992","Technology","Semiconductors","http://www.nasdaq.com/symbol/kopn",
"KFY","Korn/Ferry International","31.44","1583541372.48","n/a","1999","Technology","Diversified Commercial Services","http://www.nasdaq.com/symbol/kfy",
"KLIC","Kulicke and Soffa Industries, Inc.","16.325","1253290917.45","n/a","n/a","Technology","Semiconductors","http://www.nasdaq.com/symbol/klic",
"KVHI","KVH Industries, Inc.","13.03","207320382.12","n/a","1996","Technology","Radio And Television Broadcasting And Communications Equipment","http://www.nasdaq.com/symbol/kvhi",
"KYO","Kyocera Corporation","50.59","18559589659.08","n/a","n/a","Technology","Semiconductors","http://www.nasdaq.com/symbol/kyo",
"LLL","L-3 Communications Holdings, Inc.","131.26","10832471443.28","n/a","n/a","Technology","Radio And Television Broadcasting And Communications Equipment","http://www.nasdaq.com/symbol/lll",
"LRCX","Lam Research Corporation","84.48","13459024803.84","n/a","1984","Technology","Industrial Machinery/Components","http://www.nasdaq.com/symbol/lrcx",
"LTRX","Lantronix, Inc.","1.8","26895969","n/a","2000","Technology","Computer Communications Equipment","http://www.nasdaq.com/symbol/ltrx",
"LSCC","Lattice Semiconductor Corporation","6.76","797907332.04","n/a","n/a","Technology","Semiconductors","http://www.nasdaq.com/symbol/lscc",
"LDOS","Leidos Holdings, Inc.","45.8","3392262691.8","n/a","n/a","Technology","EDP Services","http://www.nasdaq.com/symbol/ldos",
"LXK","Lexmark International, Inc.","41.15","2542880339.65","n/a","1995","Technology","Computer Manufacturing","http://www.nasdaq.com/symbol/lxk",
"LTRPA","Liberty TripAdvisor Holdings, Inc.","33.96","2404522484.04","n/a","n/a","Technology","EDP Services","http://www.nasdaq.com/symbol/ltrpa",
"LTRPB","Liberty TripAdvisor Holdings, Inc.","35.44","2611392962.32","n/a","n/a","Technology","EDP Services","http://www.nasdaq.com/symbol/ltrpb",
"LOCK","LifeLock, Inc.","13.7","1288165899.6","n/a","2012","Technology","EDP Services","http://www.nasdaq.com/symbol/lock",
"LPTH","LightPath Technologies, Inc.","0.9745","14846578.6385","n/a","1996","Technology","Semiconductors","http://www.nasdaq.com/symbol/lpth",
"LECO","Lincoln Electric Holdings, Inc.","70.48","5426759907.28","n/a","n/a","Technology","Industrial Machinery/Components","http://www.nasdaq.com/symbol/leco",
"LLTC","Linear Technology Corporation","49.55","11852078952.4","n/a","1986","Technology","Semiconductors","http://www.nasdaq.com/symbol/lltc",
"LNKD","LinkedIn Corporation","269.42","33709324968.08","n/a","2011","Technology","Computer Software: Programming, Data Processing","http://www.nasdaq.com/symbol/lnkd",
"LIQT","LiqTech International, Inc.","1.07","42056116.74","n/a","n/a","Technology","Industrial Machinery/Components","http://www.nasdaq.com/symbol/liqt",
"LIQD","Liquid Holdings Group, Inc.","0.3","18099712.5","n/a","2013","Technology","Computer Software: Prepackaged Software","http://www.nasdaq.com/symbol/liqd",
"LIVE","LiveDeal, Inc.","3.02","48300300.54","n/a","n/a","Technology","EDP Services","http://www.nasdaq.com/symbol/live",
"LPSN","LivePerson, Inc.","11.53","630152975.61","n/a","2000","Technology","Computer Software: Prepackaged Software","http://www.nasdaq.com/symbol/lpsn",
"LOGI","Logitech International S.A.","14.67","2409299063.55","n/a","1997","Technology","Computer peripheral equipment","http://www.nasdaq.com/symbol/logi",
"LOGM","LogMein, Inc.","54.27","1327659054.93","n/a","2009","Technology","Computer Software: Prepackaged Software","http://www.nasdaq.com/symbol/logm",
"LOOK","LookSmart, Ltd.","0.74","4268949.74","n/a","1999","Technology","EDP Services","http://www.nasdaq.com/symbol/look",
"LORL","Loral Space and Communications, Inc.","71.24","2202732607.4","n/a","n/a","Technology","Radio And Television Broadcasting And Communications Equipment","http://www.nasdaq.com/symbol/lorl",
"LXFT","Luxoft Holding, Inc.","51.47","1690858727.15","n/a","2013","Technology","EDP Services","http://www.nasdaq.com/symbol/lxft",
"MTSI","M/A-COM Technology Solutions Holdings, Inc.","35.13","1877995559.28","n/a","2012","Technology","Semiconductors","http://www.nasdaq.com/symbol/mtsi",
"MGIC","Magic Software Enterprises Ltd.","6.96","307160007.6","n/a","1991","Technology","Computer Software: Prepackaged Software","http://www.nasdaq.com/symbol/mgic",
"MX","MagnaChip Semiconductor Corporation","5.81","197868079.08","n/a","2011","Technology","Semiconductors","http://www.nasdaq.com/symbol/mx",
"MNGA","MagneGas Corporation","0.845","30911584.665","n/a","n/a","Technology","Industrial Machinery/Components","http://www.nasdaq.com/symbol/mnga",
"COOL","Majesco Entertainment Company","1.18","8344387.7","n/a","n/a","Technology","Computer Software: Prepackaged Software","http://www.nasdaq.com/symbol/cool",
"MAMS","MAM Software Group, Inc.","5.38","76926102.16","n/a","n/a","Technology","Computer Software: Prepackaged Software","http://www.nasdaq.com/symbol/mams",
"MANH","Manhattan Associates, Inc.","51.38","3814166760.32","n/a","1998","Technology","Computer Software: Prepackaged Software","http://www.nasdaq.com/symbol/manh",
"MNTX","Manitex International, Inc.","11.9","190211706.3","n/a","n/a","Technology","Industrial Machinery/Components","http://www.nasdaq.com/symbol/mntx",
"MAN","ManpowerGroup","81.6","6389577350.4","n/a","n/a","Technology","Professional Services","http://www.nasdaq.com/symbol/man",
"MRIN","Marin Software Incorporated","6.67","244848169.57","n/a","2013","Technology","EDP Services","http://www.nasdaq.com/symbol/mrin",
"MKTO","Marketo, Inc.","27.11","1117262850.44","n/a","2013","Technology","Computer Software: Prepackaged Software","http://www.nasdaq.com/symbol/mkto",
"MRVL","Marvell Technology Group Ltd.","16.41","8387151000","n/a","2000","Technology","Semiconductors","http://www.nasdaq.com/symbol/mrvl",
"MTLS","Materialise NV","7.74","83771289.36","10823164","2014","Technology","Computer Software: Prepackaged Software","http://www.nasdaq.com/symbol/mtls",
"MTSN","Mattson Technology, Inc.","5","369017965","n/a","1994","Technology","Industrial Machinery/Components","http://www.nasdaq.com/symbol/mtsn",
"MVNR","Mavenir Systems, Inc.","16.82","485344649.02","n/a","2013","Technology","Computer Communications Equipment","http://www.nasdaq.com/symbol/mvnr",
"MXIM","Maxim Integrated Products, Inc.","35.57","10062097195.91","n/a","1988","Technology","Semiconductors","http://www.nasdaq.com/symbol/mxim",
"MXL","MaxLinear, Inc","8.51","323085919.93","n/a","2010","Technology","Semiconductors","http://www.nasdaq.com/symbol/mxl",
"MGRC","McGrath RentCorp","31.99","833379519.49","n/a","1984","Technology","Diversified Commercial Services","http://www.nasdaq.com/symbol/mgrc",
"MDCA","MDC Partners Inc.","26.3","1306586866.7","n/a","n/a","Technology","Advertising","http://www.nasdaq.com/symbol/mdca",
"MDAS","MedAssets, Inc.","19.31","1162608118.77","n/a","2007","Technology","Computer Software: Prepackaged Software","http://www.nasdaq.com/symbol/mdas",
"MTBC","Medical Transcription Billing, Corp.","2.54","27937797.82","n/a","2014","Technology","Computer Software: Prepackaged Software","http://www.nasdaq.com/symbol/mtbc",
"MDSO","Medidata Solutions, Inc.","48.81","2647990773.09","n/a","2009","Technology","Computer Software: Prepackaged Software","http://www.nasdaq.com/symbol/mdso",
"MLNX","Mellanox Technologies, Ltd.","47.12","2131818118.4","n/a","2007","Technology","Semiconductors","http://www.nasdaq.com/symbol/mlnx",
"MENT","Mentor Graphics Corporation","24.18","2783158428.96","n/a","1984","Technology","EDP Services","http://www.nasdaq.com/symbol/ment",
"MRGE","Merge Healthcare Incorporated.","4.17","410564710.05","n/a","1998","Technology","EDP Services","http://www.nasdaq.com/symbol/mrge",
"MERU","Meru Networks, Inc.","2.64","62831564.4","n/a","2010","Technology","Computer Communications Equipment","http://www.nasdaq.com/symbol/meru",
"MCRL","Micrel, Incorporated","15.14","854154772.88","n/a","1994","Technology","Semiconductors","http://www.nasdaq.com/symbol/mcrl",
"MCHP","Microchip Technology Incorporated","52.41","10557921545.28","n/a","1993","Technology","Semiconductors","http://www.nasdaq.com/symbol/mchp",
"MU","Micron Technology, Inc.","31.24","33655270928.4","n/a","n/a","Technology","Semiconductors","http://www.nasdaq.com/symbol/mu",
"MSCC","Microsemi Corporation","33.32","3168718771.96","n/a","n/a","Technology","Semiconductors","http://www.nasdaq.com/symbol/mscc",
"MSFT","Microsoft Corporation","43.88","359982100763.08","n/a","1986","Technology","Computer Software: Prepackaged Software","http://www.nasdaq.com/symbol/msft",
"MSTR","MicroStrategy Incorporated","179.59","2034042984.83","n/a","1998","Technology","Computer Software: Prepackaged Software","http://www.nasdaq.com/symbol/mstr",
"MM","Millennial Media, Inc.","1.64","176825780.72","n/a","2012","Technology","Advertising","http://www.nasdaq.com/symbol/mm",
"MNDO","MIND C.T.I. Ltd.","3.83","72520735.94","n/a","n/a","Technology","EDP Services","http://www.nasdaq.com/symbol/mndo",
"MIND","Mitcham Industries, Inc.","6.47","78183842.32","n/a","1994","Technology","Diversified Commercial Services","http://www.nasdaq.com/symbol/mind",
"MITK","Mitek Systems, Inc.","3.15","96562320.75","n/a","n/a","Technology","Computer peripheral equipment","http://www.nasdaq.com/symbol/mitk",
"MITL","Mitel Networks Corporation","8.91","891857293.47","n/a","n/a","Technology","Radio And Television Broadcasting And Communications Equipment","http://www.nasdaq.com/symbol/mitl",
"MIXT","MiX Telematics Limited","5.64","178401772.8","n/a","2013","Technology","Computer Software: Prepackaged Software","http://www.nasdaq.com/symbol/mixt",
"MOBL","MobileIron, Inc.","8.67","658743132","n/a","2014","Technology","Computer Software: Prepackaged Software","http://www.nasdaq.com/symbol/mobl",
"MBLY","Mobileye N.V.","33.66","7221872863.26","n/a","2014","Technology","Computer Software: Prepackaged Software","http://www.nasdaq.com/symbol/mbly",
"MODN","Model N, Inc.","12.51","320864749.11","n/a","2013","Technology","Computer Software: Programming, Data Processing","http://www.nasdaq.com/symbol/modn",
"MDSY","ModSys International Ltd.","2.56","29749140.48","n/a","n/a","Technology","EDP Services","http://www.nasdaq.com/symbol/mdsy",
"MOKO","Moko Social Media Ltd.","4.8","72066840","n/a","2014","Technology","Computer Software: Programming, Data Processing","http://www.nasdaq.com/symbol/moko",
"MOMO","Momo Inc.","12","220800000","18400000","2014","Technology","Computer Software: Prepackaged Software","http://www.nasdaq.com/symbol/momo",
"MPWR","Monolithic Power Systems, Inc.","54.16","2098429795.76","n/a","2004","Technology","Semiconductors","http://www.nasdaq.com/symbol/mpwr",
"TYPE","Monotype Imaging Holdings Inc.","32.35","1278881745.1","n/a","2007","Technology","EDP Services","http://www.nasdaq.com/symbol/type",
"MWW","Monster Worldwide, Inc.","6.68","606658174.56","n/a","n/a","Technology","Professional Services","http://www.nasdaq.com/symbol/mww",
"MOG/A","Moog Inc.","75.66","0","n/a","n/a","Technology","Industrial Machinery/Components","http://www.nasdaq.com/symbol/mog/a",
"MOSY","MoSys, Inc.","1.76","87607849.12","n/a","2001","Technology","Semiconductors","http://www.nasdaq.com/symbol/mosy",
"MSI","Motorola Solutions, Inc.","68.89","14927030225.78","n/a","n/a","Technology","Radio And Television Broadcasting And Communications Equipment","http://www.nasdaq.com/symbol/msi",
"MRVC","MRV Communications, Inc.","9.9","72885245.4","n/a","1992","Technology","Semiconductors","http://www.nasdaq.com/symbol/mrvc",
"MFLX","Multi-Fineline Electronix, Inc.","19.45","472698543.15","n/a","2004","Technology","Electrical Products","http://www.nasdaq.com/symbol/mflx",
"NATI","National Instruments Corporation","31.55","4042735127.75","n/a","1995","Technology","Computer Software: Prepackaged Software","http://www.nasdaq.com/symbol/nati",
"NCIT","NCI, Inc.","11.51","149697402.56","n/a","2005","Technology","EDP Services","http://www.nasdaq.com/symbol/ncit",
"NEFF","Neff Corporation","10.83","275383236.45","n/a","2014","Technology","Diversified Commercial Services","http://www.nasdaq.com/symbol/neff",
"NPTN","NeoPhotonics Corporation","3.74","121634950.36","n/a","2011","Technology","Semiconductors","http://www.nasdaq.com/symbol/nptn",
"NETE","Net Element, Inc.","1.2","54746533.2","n/a","n/a","Technology","EDP Services","http://www.nasdaq.com/symbol/nete",
"NTAP","NetApp, Inc.","38.58","12027620399.28","n/a","1995","Technology","Electronic Components","http://www.nasdaq.com/symbol/ntap",
"NLST","Netlist, Inc.","1.32","66458684.16","n/a","2006","Technology","Semiconductors","http://www.nasdaq.com/symbol/nlst",
"NTCT","NetScout Systems, Inc.","40.98","1689092330.4","n/a","1999","Technology","EDP Services","http://www.nasdaq.com/symbol/ntct",
"NTWK","NetSol Technologies Inc.","6.22","61120599.86","n/a","n/a","Technology","Computer Software: Prepackaged Software","http://www.nasdaq.com/symbol/ntwk",
"N","Netsuite Inc","98.07","7525767054.96","n/a","2007","Technology","Computer Software: Prepackaged Software","http://www.nasdaq.com/symbol/n",
"NTIP","Network-1 Technologies, Inc.","2.29","56046229.44","n/a","n/a","Technology","Computer Software: Prepackaged Software","http://www.nasdaq.com/symbol/ntip",
"NEWR","New Relic, Inc.","34.08","1603535568","n/a","2014","Technology","Computer Software: Prepackaged Software","http://www.nasdaq.com/symbol/newr",
"NICE","NICE-Systems Limited","59.21","2224992195.8","37577980","n/a","Technology","Computer Manufacturing","http://www.nasdaq.com/symbol/nice",
"NMBL","Nimble Storage, Inc.","25.35","1893645000","n/a","2013","Technology","Electronic Components","http://www.nasdaq.com/symbol/nmbl",
"NOK","Nokia Corporation","8.08","29720518560","n/a","1994","Technology","Radio And Television Broadcasting And Communications Equipment","http://www.nasdaq.com/symbol/nok",
"NQ","NQ Mobile Inc.","3.99","240816190.65","n/a","2011","Technology","Computer Software: Prepackaged Software","http://www.nasdaq.com/symbol/nq",
"DCM","NTT DOCOMO, Inc","18.08","71081229002.4","n/a","n/a","Technology","Radio And Television Broadcasting And Communications Equipment","http://www.nasdaq.com/symbol/dcm",
"NUAN","Nuance Communications, Inc.","14.04","4567652448.84","n/a","n/a","Technology","Computer Software: Prepackaged Software","http://www.nasdaq.com/symbol/nuan",
"NVEC","NVE Corporation","64.74","314503877.22","n/a","n/a","Technology","Semiconductors","http://www.nasdaq.com/symbol/nvec",
"NVDA","NVIDIA Corporation","22.595","12281216278.095","n/a","1999","Technology","Semiconductors","http://www.nasdaq.com/symbol/nvda",
"NXPI","NXP Semiconductors N.V.","99.56","22973681565","n/a","2010","Technology","Semiconductors","http://www.nasdaq.com/symbol/nxpi",
"OIIM","O2Micro International Limited","2.51","83355824.92","33209492","n/a","Technology","Semiconductors","http://www.nasdaq.com/symbol/oiim",
"OCLR","Oclaro, Inc.","1.8","196231334.4","n/a","n/a","Technology","Semiconductors","http://www.nasdaq.com/symbol/oclr",
"OMCL","Omnicell, Inc.","35.22","1253989785.6","n/a","2001","Technology","Computer Manufacturing","http://www.nasdaq.com/symbol/omcl",
"OMC","Omnicom Group Inc.","80.52","19865935304.16","n/a","n/a","Technology","Advertising","http://www.nasdaq.com/symbol/omc",
"OVTI","OmniVision Technologies, Inc.","27.24","1579526817.84","n/a","2000","Technology","Semiconductors","http://www.nasdaq.com/symbol/ovti",
"ASGN","On Assignment, Inc.","38.76","2028975185.16","n/a","1992","Technology","Professional Services","http://www.nasdaq.com/symbol/asgn",
"ONNN","ON Semiconductor Corporation","13.16","5676107097.64","n/a","2000","Technology","Semiconductors","http://www.nasdaq.com/symbol/onnn",
"OTIV","On Track Innovations Ltd","1.32","44328431.4","n/a","n/a","Technology","Semiconductors","http://www.nasdaq.com/symbol/otiv",
"OTEX","Open Text Corporation","58.52","7148883547.96","n/a","1996","Technology","EDP Services","http://www.nasdaq.com/symbol/otex",
"OPWR","Opower, Inc.","15.47","771063645.17","n/a","2014","Technology","Computer Software: Prepackaged Software","http://www.nasdaq.com/symbol/opwr",
"ORCL","Oracle Corporation","44.03","193351889010","n/a","1986","Technology","Computer Software: Prepackaged Software","http://www.nasdaq.com/symbol/orcl",
"OSIS","OSI Systems, Inc.","73.36","1452890618.48","n/a","1997","Technology","Semiconductors","http://www.nasdaq.com/symbol/osis",
"PFIN","P & F Industries, Inc.","7.71","27635492.7","n/a","n/a","Technology","Industrial Machinery/Components","http://www.nasdaq.com/symbol/pfin",
"PANW","Palo Alto Networks, Inc.","145.98","11758096613.16","n/a","2012","Technology","Computer peripheral equipment","http://www.nasdaq.com/symbol/panw",
"PCYG","Park City Group, Inc.","12.74","221278193.5","n/a","n/a","Technology","EDP Services","http://www.nasdaq.com/symbol/pcyg",
"PKE","Park Electrochemical Corporation","21.77","455986452.18","n/a","n/a","Technology","Electrical Products","http://www.nasdaq.com/symbol/pke",
"PRKR","ParkerVision, Inc.","0.98","95196970.68","n/a","1993","Technology","Radio And Television Broadcasting And Communications Equipment","http://www.nasdaq.com/symbol/prkr",
"PAYC","Paycom Software, Inc.","31.87","1860341199.74","n/a","2014","Technology","Computer Software: Prepackaged Software","http://www.nasdaq.com/symbol/payc",
"PCTY","Paylocity Holding Corporation","29.44","1486323678.72","n/a","2014","Technology","Computer Software: Prepackaged Software","http://www.nasdaq.com/symbol/pcty",
"PCTI","PC-Tel, Inc.","8.09","149883850.68","n/a","1999","Technology","Radio And Television Broadcasting And Communications Equipment","http://www.nasdaq.com/symbol/pcti",
"PDFS","PDF Solutions, Inc.","18.4","569936945.6","n/a","2001","Technology","EDP Services","http://www.nasdaq.com/symbol/pdfs",
"PEGA","Pegasystems Inc.","20.49","1564248153.72","n/a","1996","Technology","EDP Services","http://www.nasdaq.com/symbol/pega",
"PNR","Pentair plc.","66.21","12079497863.37","n/a","n/a","Technology","Industrial Machinery/Components","http://www.nasdaq.com/symbol/pnr",
"PRFT","Perficient, Inc.","20.06","690554226.28","n/a","1999","Technology","EDP Services","http://www.nasdaq.com/symbol/prft",
"PSEM","Pericom Semiconductor Corporation","16.39","366431230","n/a","1997","Technology","Semiconductors","http://www.nasdaq.com/symbol/psem",
"PERI","Perion Network Ltd","3.53","249426054.67","n/a","n/a","Technology","EDP Services","http://www.nasdaq.com/symbol/peri",
"PLAB","Photronics, Inc.","8.66","574582080.2","n/a","1987","Technology","Semiconductors","http://www.nasdaq.com/symbol/plab",
"PXLW","Pixelworks, Inc.","5.4","124979328","n/a","2000","Technology","Semiconductors","http://www.nasdaq.com/symbol/pxlw",
"PLXS","Plexus Corp.","40.92","1377259048.44","n/a","n/a","Technology","Electrical Products","http://www.nasdaq.com/symbol/plxs",
"PMCS","PMC - Sierra, Inc.","9.75","1972991572.5","n/a","n/a","Technology","Semiconductors","http://www.nasdaq.com/symbol/pmcs",
"PNTR","Pointer Telocation Ltd.","8.4","64583937.6","n/a","n/a","Technology","Radio And Television Broadcasting And Communications Equipment","http://www.nasdaq.com/symbol/pntr",
"POWI","Power Integrations, Inc.","56.12","1646063183.96","n/a","1997","Technology","Semiconductors","http://www.nasdaq.com/symbol/powi",
"PKT","Procera Networks, Inc.","9.47","196404400.27","n/a","n/a","Technology","EDP Services","http://www.nasdaq.com/symbol/pkt",
"IPDN","Professional Diversity Network, Inc.","4.81","60700708.9","n/a","2013","Technology","Computer Software: Programming, Data Processing","http://www.nasdaq.com/symbol/ipdn",
"PRGS","Progress Software Corporation","27.53","1394890040","n/a","1991","Technology","Computer Software: Prepackaged Software","http://www.nasdaq.com/symbol/prgs",
"PFPT","Proofpoint, Inc.","57.07","2225384269.94","n/a","2012","Technology","EDP Services","http://www.nasdaq.com/symbol/pfpt",
"PRO","PROS Holdings, Inc.","24.69","716461481.34","n/a","2007","Technology","EDP Services","http://www.nasdaq.com/symbol/pro",
"PTC","PTC Inc.","34.5","3964980706.5","n/a","n/a","Technology","Computer Software: Prepackaged Software","http://www.nasdaq.com/symbol/ptc",
"QTWO","Q2 Holdings, Inc.","20.69","722849178.32","n/a","2014","Technology","Computer Software: Prepackaged Software","http://www.nasdaq.com/symbol/qtwo",
"QADA","QAD Inc.","21.65","347749444.5","n/a","n/a","Technology","Computer Software: Prepackaged Software","http://www.nasdaq.com/symbol/qada",
"QADB","QAD Inc.","18.831","302469736.23","n/a","n/a","Technology","Computer Software: Prepackaged Software","http://www.nasdaq.com/symbol/qadb",
"QIHU","Qihoo 360 Technology Co. Ltd.","46.07","5801469789.6","n/a","2011","Technology","EDP Services","http://www.nasdaq.com/symbol/qihu",
"QLIK","Qlik Technologies Inc.","32.59","2962830325.27","n/a","2010","Technology","Computer Software: Prepackaged Software","http://www.nasdaq.com/symbol/qlik",
"QLGC","QLogic Corporation","15.03","1312810380","n/a","n/a","Technology","Computer Communications Equipment","http://www.nasdaq.com/symbol/qlgc",
"QRVO","Qorvo, Inc.","69.35","10296305523.95","n/a","n/a","Technology","Semiconductors","http://www.nasdaq.com/symbol/qrvo",
"QCOM","QUALCOMM Incorporated","72.655","119848789210.81","n/a","1991","Technology","Radio And Television Broadcasting And Communications Equipment","http://www.nasdaq.com/symbol/qcom",
"QSII","Quality Systems, Inc.","17.25","1039926858.75","n/a","1982","Technology","EDP Services","http://www.nasdaq.com/symbol/qsii",
"QBAK","Qualstar Corporation","1.41","17276894.97","n/a","2000","Technology","Electronic Components","http://www.nasdaq.com/symbol/qbak",
"QLYS","Qualys, Inc.","47.51","1583055767.25","n/a","2012","Technology","Computer Software: Prepackaged Software","http://www.nasdaq.com/symbol/qlys",
"QTM","Quantum Corporation","1.68","430732590.96","n/a","n/a","Technology","Electronic Components","http://www.nasdaq.com/symbol/qtm",
"QRHC","Quest Resource Holding Corporation.","1.23","137269603.92","n/a","n/a","Technology","Diversified Commercial Services","http://www.nasdaq.com/symbol/qrhc",
"QUIK","QuickLogic Corporation","2.04","113952647.64","n/a","1999","Technology","Semiconductors","http://www.nasdaq.com/symbol/quik",
"QUMU","Qumu Corporation","15.75","142103823.75","n/a","n/a","Technology","Computer Software: Prepackaged Software","http://www.nasdaq.com/symbol/qumu",
"RAX","Rackspace Hosting, Inc","50.65","7271031271.7","n/a","2008","Technology","Computer Software: Programming, Data Processing","http://www.nasdaq.com/symbol/rax",
"RDCM","Radcom Ltd.","9.82","79279491.76","n/a","1997","Technology","Computer peripheral equipment","http://www.nasdaq.com/symbol/rdcm",
"RSYS","RadiSys Corporation","2.38","87344619.6","n/a","1995","Technology","Computer peripheral equipment","http://www.nasdaq.com/symbol/rsys",
"RALY","Rally Software Development Corp.","12.25","308930165.25","n/a","2013","Technology","Computer Software: Prepackaged Software","http://www.nasdaq.com/symbol/raly",
"RMBS","Rambus, Inc.","12.33","1420846095.06","n/a","1997","Technology","Semiconductors","http://www.nasdaq.com/symbol/rmbs",
"RCMT","RCM Technologies, Inc.","6.0699","76204869.1149","n/a","n/a","Technology","Professional Services","http://www.nasdaq.com/symbol/rcmt",
"RLOC","ReachLocal, Inc.","3","87497265","n/a","2010","Technology","Advertising","http://www.nasdaq.com/symbol/rloc",
"RLD","RealD Inc","12.99","654197599.68","n/a","2010","Technology","Radio And Television Broadcasting And Communications Equipment","http://www.nasdaq.com/symbol/rld",
"RNWK","RealNetworks, Inc.","7.08","255608638.2","n/a","1997","Technology","EDP Services","http://www.nasdaq.com/symbol/rnwk",
"RP","RealPage, Inc.","19.94","1569854066.6","n/a","2010","Technology","Computer Software: Prepackaged Software","http://www.nasdaq.com/symbol/rp",
"RHT","Red Hat, Inc.","69.66","12776654627.28","n/a","n/a","Technology","Computer Software: Programming, Data Processing","http://www.nasdaq.com/symbol/rht",
"RWC","RELM Wireless Corporation","6.18","84450237.66","n/a","n/a","Technology","Radio And Television Broadcasting And Communications Equipment","http://www.nasdaq.com/symbol/rwc",
"SOL","Renesola Ltd.","1.37","139501685.76","n/a","2008","Technology","Semiconductors","http://www.nasdaq.com/symbol/sol",
"RENN","Renren Inc.","2.55","931312547.85","n/a","2011","Technology","EDP Services","http://www.nasdaq.com/symbol/renn",
"RCII","Rent-A-Center Inc.","27.23","1440514761.42","n/a","1995","Technology","Diversified Commercial Services","http://www.nasdaq.com/symbol/rcii",
"RESN","Resonant Inc.","11.03","76195063.52","n/a","2014","Technology","Semiconductors","http://www.nasdaq.com/symbol/resn",
"RXN","Rexnord Corporation","28.1","2858033774.7","n/a","2012","Technology","Industrial Machinery/Components","http://www.nasdaq.com/symbol/rxn",
"RNG","Ringcentral, Inc.","15.95","1086417837.45","n/a","2013","Technology","EDP Services","http://www.nasdaq.com/symbol/rng",
"RVBD","Riverbed Technology, Inc.","20.94","3303944463.42","n/a","2006","Technology","Computer Communications Equipment","http://www.nasdaq.com/symbol/rvbd",
"RHI","Robert Half International Inc.","62.79","8485474318.23","n/a","n/a","Technology","Professional Services","http://www.nasdaq.com/symbol/rhi",
"FUEL","Rocket Fuel Inc.","9.94","410472936.16","n/a","2013","Technology","Computer Software: Programming, Data Processing","http://www.nasdaq.com/symbol/fuel",
"RST","Rosetta Stone","10.31","219877792.43","n/a","2009","Technology","Computer Software: Prepackaged Software","http://www.nasdaq.com/symbol/rst",
"RBCN","Rubicon Technology, Inc.","4.48","117159754.88","n/a","2007","Technology","Semiconductors","http://www.nasdaq.com/symbol/rbcn",
"RKUS","Ruckus Wireless, Inc.","12.26","1045558742.16","n/a","2012","Technology","Computer peripheral equipment","http://www.nasdaq.com/symbol/rkus",
"SABR","Sabre Corporation","21.84","5850183328.08","n/a","2014","Technology","Computer Software: Programming, Data Processing","http://www.nasdaq.com/symbol/sabr",
"CRM","Salesforce.com Inc","68.46","43198260000","n/a","2004","Technology","Computer Software: Prepackaged Software","http://www.nasdaq.com/symbol/crm",
"SNDK","SanDisk Corporation","80.25","17094355845","n/a","1995","Technology","Electronic Components","http://www.nasdaq.com/symbol/sndk",
"SANM","Sanmina Corporation","23.22","1931355450.72","n/a","1993","Technology","Electrical Products","http://www.nasdaq.com/symbol/sanm",
"SAP","SAP SE","71.11","84941195937.52","n/a","n/a","Technology","Computer Software: Prepackaged Software","http://www.nasdaq.com/symbol/sap",
"SPNS","Sapiens International Corporation N.V.","8.01","381901941.45","n/a","1992","Technology","Computer Software: Prepackaged Software","http://www.nasdaq.com/symbol/spns",
"SCSC","ScanSource, Inc.","36.56","1047809344.08","n/a","n/a","Technology","Retail: Computer Software & Peripheral Equipment","http://www.nasdaq.com/symbol/scsc",
"SAIC","SCIENCE APPLICATIONS INTERNATIONAL CORPORATION","55.45","2533393611.4","n/a","n/a","Technology","EDP Services","http://www.nasdaq.com/symbol/saic",
"SGMS","Scientific Games Corp","13.84","1174034522.56","n/a","n/a","Technology","EDP Services","http://www.nasdaq.com/symbol/sgms",
"SQI","SciQuest, Inc.","17.48","482058161.04","n/a","2010","Technology","Computer Software: Prepackaged Software","http://www.nasdaq.com/symbol/sqi",
"SEAC","SeaChange International, Inc.","7.66","250130176.2","n/a","1996","Technology","Radio And Television Broadcasting And Communications Equipment","http://www.nasdaq.com/symbol/seac",
"STX","Seagate Technology.","61.56","20212487587.8","n/a","2002","Technology","Electronic Components","http://www.nasdaq.com/symbol/stx",
"SLTC","Selectica, Inc.","5.44","42798220.8","n/a","2000","Technology","Computer Software: Prepackaged Software","http://www.nasdaq.com/symbol/sltc",
"SMI","Semiconductor  Manufacturing International Corporation","4.5","3227048653.5","n/a","2004","Technology","Semiconductors","http://www.nasdaq.com/symbol/smi",
"LEDS","SemiLEDS Corporation","1.34","38088820.62","n/a","2010","Technology","Semiconductors","http://www.nasdaq.com/symbol/leds",
"SMTC","Semtech Corporation","29.84","1991882276.08","n/a","n/a","Technology","Semiconductors","http://www.nasdaq.com/symbol/smtc",
"SQNS","Sequans Communications S.A.","1.9","112375007.9","n/a","2011","Technology","Semiconductors","http://www.nasdaq.com/symbol/sqns",
"NOW","ServiceNow, Inc.","76.44","11336052000","n/a","2012","Technology","Computer Software: Prepackaged Software","http://www.nasdaq.com/symbol/now",
"SGOC","SGOCO Group, Ltd","0.49","8533281.89","n/a","2010","Technology","Radio And Television Broadcasting And Communications Equipment","http://www.nasdaq.com/symbol/sgoc",
"SSTK","Shutterstock, Inc.","56.65","2007457784.2","n/a","2012","Technology","EDP Services","http://www.nasdaq.com/symbol/sstk",
"SWIR","Sierra Wireless, Inc.","37.87","1207025208.2","n/a","n/a","Technology","Radio And Television Broadcasting And Communications Equipment","http://www.nasdaq.com/symbol/swir",
"SIFY","Sify Technologies Limited","1.42","35638130.5","25097275","n/a","Technology","Computer Software: Programming, Data Processing","http://www.nasdaq.com/symbol/sify",
"SIGM","Sigma Designs, Inc.","7.48","261323516.52","n/a","1986","Technology","Semiconductors","http://www.nasdaq.com/symbol/sigm",
"SGMA","SigmaTron International, Inc.","6.632","26887096.272","n/a","1994","Technology","Electrical Products","http://www.nasdaq.com/symbol/sgma",
"SILC","Silicom Ltd","46.41","335016757.53","n/a","n/a","Technology","Computer Communications Equipment","http://www.nasdaq.com/symbol/silc",
"SGI","Silicon Graphics International Corp","9.34","321504328.7","n/a","n/a","Technology","Computer Manufacturing","http://www.nasdaq.com/symbol/sgi",
"SLAB","Silicon Laboratories, Inc.","51.97","2189886030.91","n/a","2000","Technology","Semiconductors","http://www.nasdaq.com/symbol/slab",
"SIMO","Silicon Motion Technology Corporation","27.96","944402459.52","33776912","2005","Technology","Semiconductors","http://www.nasdaq.com/symbol/simo",
"SPIL","Siliconware Precision Industries Company, Ltd.","9","450922230","50102470","n/a","Technology","Semiconductors","http://www.nasdaq.com/symbol/spil",
"SSNI","Silver Spring Networks, Inc.","9.95","485316453.85","n/a","2013","Technology","Computer Communications Equipment","http://www.nasdaq.com/symbol/ssni",
"SLP","Simulations Plus, Inc.","6.33","106673900.61","n/a","n/a","Technology","EDP Services","http://www.nasdaq.com/symbol/slp",
"SINA","Sina Corporation","36.75","2426322428.25","n/a","n/a","Technology","Computer Software: Prepackaged Software","http://www.nasdaq.com/symbol/sina",
"MOBI","Sky-mobi Limited","4.53","58835359.14","12987938","2010","Technology","Computer Software: Prepackaged Software","http://www.nasdaq.com/symbol/mobi",
"SWKS","Skyworks Solutions, Inc.","91.13","17389414570.84","n/a","n/a","Technology","Semiconductors","http://www.nasdaq.com/symbol/swks",
"SMT","SMART Technologies Inc.","1.28","156397968.64","n/a","n/a","Technology","Computer peripheral equipment","http://www.nasdaq.com/symbol/smt",
"SMSI","Smith Micro Software, Inc.","1.49","67056177.54","n/a","1995","Technology","Computer Software: Prepackaged Software","http://www.nasdaq.com/symbol/smsi",
"SMTX","SMTC Corporation","1.4999","24624272.2724","n/a","2000","Technology","Electrical Products","http://www.nasdaq.com/symbol/smtx",
"SMTP","SMTP, Inc.","4.81","26202681.83","n/a","n/a","Technology","Advertising","http://www.nasdaq.com/symbol/smtp",
"SOHU","Sohu.com Inc.","52.92","2036727065.52","n/a","n/a","Technology","EDP Services","http://www.nasdaq.com/symbol/sohu",
"SWI","Solarwinds, Inc.","52.69","4018470556.65","n/a","2009","Technology","Computer Software: Prepackaged Software","http://www.nasdaq.com/symbol/swi",
"SLH","Solera Holdings, Inc.","56.07","3767642433.45","n/a","2007","Technology","Computer Software: Programming, Data Processing","http://www.nasdaq.com/symbol/slh",
"SOFO","Sonic Foundry, Inc.","8.21","35691357.63","n/a","n/a","Technology","Radio And Television Broadcasting And Communications Equipment","http://www.nasdaq.com/symbol/sofo",
"SONS","Sonus Networks, Inc.","17.08","844289353.88","n/a","n/a","Technology","EDP Services","http://www.nasdaq.com/symbol/sons",
"SFUN","SouFun Holdings Limited","6.45","2641438636.5","n/a","2010","Technology","EDP Services","http://www.nasdaq.com/symbol/sfun",
"CODE","Spansion Inc","37.66","2379228383.42","n/a","n/a","Technology","Semiconductors","http://www.nasdaq.com/symbol/code",
"SPA","Sparton Corporation","22.45","222412150","n/a","n/a","Technology","Electrical Products","http://www.nasdaq.com/symbol/spa",
"SPDC","Speed Commerce, Inc.","0.7731","51033015.1935","n/a","n/a","Technology","Retail: Computer Software & Peripheral Equipment","http://www.nasdaq.com/symbol/spdc",
"ANY","Sphere 3D Corporation","5.16","136102894.8","n/a","n/a","Technology","EDP Services","http://www.nasdaq.com/symbol/any",
"SPLK","Splunk Inc.","67.12","8139156451.2","n/a","2012","Technology","Computer Software: Prepackaged Software","http://www.nasdaq.com/symbol/splk",
"SPSC","SPS Commerce, Inc.","69.8","1141163969.2","n/a","2010","Technology","Computer Software: Prepackaged Software","http://www.nasdaq.com/symbol/spsc",
"SPW","SPX Corporation","n/a","0","n/a","n/a","Technology","Industrial Machinery/Components","http://www.nasdaq.com/symbol/spw",
"SSNC","SS&C Technologies Holdings, Inc.","61.46","5180014250.32","n/a","2010","Technology","Computer Software: Prepackaged Software","http://www.nasdaq.com/symbol/ssnc",
"SXI","Standex International Corporation","72.68","928270558.96","n/a","n/a","Technology","Industrial Machinery/Components","http://www.nasdaq.com/symbol/sxi",
"SRT","StarTek, Inc.","7.61","117265488.34","n/a","1997","Technology","Professional Services","http://www.nasdaq.com/symbol/srt",
"STM","STMicroelectronics N.V.","9.17","8092861539","n/a","n/a","Technology","Semiconductors","http://www.nasdaq.com/symbol/stm",
"SSYS","Stratasys, Ltd.","62.895","3202785543.615","n/a","1994","Technology","Computer peripheral equipment","http://www.nasdaq.com/symbol/ssys",
"STRM","Streamline Health Solutions, Inc.","4.17","77016334.65","n/a","n/a","Technology","EDP Services","http://www.nasdaq.com/symbol/strm",
"SEMI","SunEdison Semiconductor Limited","24.97","1036409189.75","n/a","2014","Technology","Semiconductors","http://www.nasdaq.com/symbol/semi",
"SUNE","SunEdison, Inc.","22.76","6167186501.4","n/a","n/a","Technology","Semiconductors","http://www.nasdaq.com/symbol/sune",
"GOMO","Sungy Mobile Limited","4.75","159048776.75","n/a","2013","Technology","Computer Software: Prepackaged Software","http://www.nasdaq.com/symbol/gomo",
"SPWR","SunPower Corporation","n/a","0","n/a","2005","Technology","Semiconductors","http://www.nasdaq.com/symbol/spwr",
"SMCI","Super Micro Computer, Inc.","40.33","1876987882.88","n/a","2007","Technology","Computer Manufacturing","http://www.nasdaq.com/symbol/smci",
"SPCB","SuperCom, Ltd.","7.9","108222534.5","n/a","n/a","Technology","Semiconductors","http://www.nasdaq.com/symbol/spcb",
"SCON","Superconductor Technologies Inc.","1.98","26233853.58","n/a","1993","Technology","Radio And Television Broadcasting And Communications Equipment","http://www.nasdaq.com/symbol/scon",
"SPRT","support.com, Inc.","1.72","93041853.72","n/a","2000","Technology","EDP Services","http://www.nasdaq.com/symbol/sprt",
"SYKE","Sykes Enterprises, Incorporated","23.61","1022106743.04","n/a","1996","Technology","EDP Services","http://www.nasdaq.com/symbol/syke",
"SYMC","Symantec Corporation","25.26","17236921199.7","n/a","1989","Technology","Computer Software: Prepackaged Software","http://www.nasdaq.com/symbol/symc",
"SYNC","Synacor, Inc.","2.19","59964105.3","n/a","2012","Technology","Computer Software: Programming, Data Processing","http://www.nasdaq.com/symbol/sync",
"SYNA","Synaptics Incorporated","81.84","3004616717.52","n/a","2002","Technology","EDP Services","http://www.nasdaq.com/symbol/syna",
"SNCR","Synchronoss Technologies, Inc.","44.06","1895769664.06","n/a","2006","Technology","EDP Services","http://www.nasdaq.com/symbol/sncr",
"SNX","Synnex Corporation","78.56","3103967740.96","n/a","2003","Technology","Retail: Computer Software & Peripheral Equipment","http://www.nasdaq.com/symbol/snx",
"SNPS","Synopsys, Inc.","46.92","7210972128.36","n/a","1992","Technology","Computer Software: Prepackaged Software","http://www.nasdaq.com/symbol/snps",
"SYNT","Syntel, Inc.","49.68","4160546886.24","n/a","1997","Technology","EDP Services","http://www.nasdaq.com/symbol/synt",
"SYRX","Sysorex Global Holding Corp.","1.406","27628376.634","n/a","2014","Technology","EDP Services","http://www.nasdaq.com/symbol/syrx",
"DATA","Tableau Software, Inc.","96.85","6715163900.9","n/a","2013","Technology","Computer Software: Prepackaged Software","http://www.nasdaq.com/symbol/data",
"TSM","Taiwan Semiconductor Manufacturing Company Ltd.","24.63","127728101250","n/a","1997","Technology","Semiconductors","http://www.nasdaq.com/symbol/tsm",
"TTWO","Take-Two Interactive Software, Inc.","26.06","2198646966.88","n/a","1997","Technology","Computer Software: Prepackaged Software","http://www.nasdaq.com/symbol/ttwo",
"TAL","TAL International Group, Inc.","41.91","1393641192.9","n/a","2005","Technology","Diversified Commercial Services","http://www.nasdaq.com/symbol/tal",
"TNGO","Tangoe, Inc.","12.53","486721873.19","n/a","2011","Technology","Computer Software: Prepackaged Software","http://www.nasdaq.com/symbol/tngo",
"TMH","Team Health Holdings, Inc.","59.25","4229043582.75","n/a","2009","Technology","Professional Services","http://www.nasdaq.com/symbol/tmh",
"TECD","Tech Data Corporation","60.6","2318243970.6","n/a","1986","Technology","Retail: Computer Software & Peripheral Equipment","http://www.nasdaq.com/symbol/tecd",
"TCCO","Technical Communications Corporation","4.2299","7778451.9379","n/a","n/a","Technology","Radio And Television Broadcasting And Communications Equipment","http://www.nasdaq.com/symbol/tcco",
"TSYS","TeleCommunication Systems, Inc.","3.25","193878470.5","n/a","2000","Technology","Computer Software: Prepackaged Software","http://www.nasdaq.com/symbol/tsys",
"TTEC","TeleTech Holdings, Inc.","24.55","1196382924.1","n/a","1996","Technology","Professional Services","http://www.nasdaq.com/symbol/ttec",
"TNC","Tennant Company","65.93","1213127032.04","n/a","n/a","Technology","Industrial Machinery/Components","http://www.nasdaq.com/symbol/tnc",
"TDC","Teradata Corporation","44.96","6878880000","n/a","n/a","Technology","Computer Manufacturing","http://www.nasdaq.com/symbol/tdc",
"TSRA","Tessera Technologies, Inc.","41.93","2218287865.36","n/a","2003","Technology","Semiconductors","http://www.nasdaq.com/symbol/tsra",
"TXN","Texas Instruments Incorporated","59.94","62765709521.94","n/a","n/a","Technology","Semiconductors","http://www.nasdaq.com/symbol/txn",
"TGH","Textainer Group Holdings Limited","32.35","1836307150.75","n/a","2007","Technology","Diversified Commercial Services","http://www.nasdaq.com/symbol/tgh",
"TXTR","Textura Corporation","28.42","723808375.5","n/a","2013","Technology","Computer Software: Prepackaged Software","http://www.nasdaq.com/symbol/txtr",
"DSGX","The Descartes Systems Group Inc.","15.34","1157870747.28","n/a","n/a","Technology","Computer Software: Prepackaged Software","http://www.nasdaq.com/symbol/dsgx",
"KEYW","The KEYW Holding Corporation","8.65","325163335.05","n/a","2010","Technology","EDP Services","http://www.nasdaq.com/symbol/keyw",
"MIDD","The Middleby Corporation","107.62","6162609621.6","n/a","n/a","Technology","Industrial Machinery/Components","http://www.nasdaq.com/symbol/midd",
"RUBI","The Rubicon Project, Inc.","19.22","691071264.02","n/a","2014","Technology","Computer Software: Programming, Data Processing","http://www.nasdaq.com/symbol/rubi",
"ULTI","The Ultimate Software Group, Inc.","167.39","4788386963.69","n/a","1998","Technology","Computer Software: Prepackaged Software","http://www.nasdaq.com/symbol/ulti",
"TIGR","TigerLogic Corporation","0.56","17330217.52","n/a","n/a","Technology","Computer Software: Prepackaged Software","http://www.nasdaq.com/symbol/tigr",
"TISA","Top Image Systems, Ltd.","3.01","53623321.57","n/a","1996","Technology","Computer peripheral equipment","http://www.nasdaq.com/symbol/tisa",
"TSEM","Tower Semiconductor Ltd.","16.79","1085415054.01","n/a","1994","Technology","Semiconductors","http://www.nasdaq.com/symbol/tsem",
"TACT","TransAct Technologies Incorporated","6.54","53760709.68","n/a","1996","Technology","Computer peripheral equipment","http://www.nasdaq.com/symbol/tact",
"TZOO","Travelzoo Inc.","10","147304540","n/a","n/a","Technology","EDP Services","http://www.nasdaq.com/symbol/tzoo",
"TRMR","Tremor Video, Inc.","2.47","126169403.1","n/a","2013","Technology","Advertising","http://www.nasdaq.com/symbol/trmr",
"TSL","Trina Solar Limited","10.95","904479679.8","n/a","2006","Technology","Semiconductors","http://www.nasdaq.com/symbol/tsl",
"TRT","Trio-Tech International","2.85","10012206.75","n/a","n/a","Technology","Industrial Machinery/Components","http://www.nasdaq.com/symbol/trt",
"TRIP","TripAdvisor, Inc.","91.21","13036342665.22","n/a","n/a","Technology","Computer Software: Programming, Data Processing","http://www.nasdaq.com/symbol/trip",
"TBI","TrueBlue, Inc.","24.03","998284706.01","n/a","n/a","Technology","Professional Services","http://www.nasdaq.com/symbol/tbi",
"TRUE","TrueCar, Inc.","19.16","1515672454.48","n/a","2014","Technology","Computer Software: Programming, Data Processing","http://www.nasdaq.com/symbol/true",
"TSRI","TSR, Inc.","4.24","8319142.88","n/a","n/a","Technology","EDP Services","http://www.nasdaq.com/symbol/tsri",
"TTMI","TTM Technologies, Inc.","8.86","740915763.44","n/a","2000","Technology","Electrical Products","http://www.nasdaq.com/symbol/ttmi",
"TUBE","TubeMogul, Inc.","12.32","367039916.32","n/a","2014","Technology","Computer Software: Prepackaged Software","http://www.nasdaq.com/symbol/tube",
"TCX","Tucows Inc.","18.99","212422671.72","n/a","n/a","Technology","EDP Services","http://www.nasdaq.com/symbol/tcx",
"TWIN","Twin Disc, Incorporated","18.56","209455687.68","n/a","n/a","Technology","Industrial Machinery/Components","http://www.nasdaq.com/symbol/twin",
"TWTR","Twitter, Inc.","48.15","30551726847.15","n/a","2013","Technology","Computer Software: Programming, Data Processing","http://www.nasdaq.com/symbol/twtr",
"TYL","Tyler Technologies, Inc.","120.75","4054905750","n/a","n/a","Technology","Computer Software: Prepackaged Software","http://www.nasdaq.com/symbol/tyl",
"UBIC","UBIC, Inc.","16.69","2086917.6","125040","2013","Technology","EDP Services","http://www.nasdaq.com/symbol/ubic",
"UBNT","Ubiquiti Networks, Inc.","32.73","2875759688.49","n/a","2011","Technology","Radio And Television Broadcasting And Communications Equipment","http://www.nasdaq.com/symbol/ubnt",
"UCTT","Ultra Clean Holdings, Inc.","8.41","265568086.96","n/a","2004","Technology","Semiconductors","http://www.nasdaq.com/symbol/uctt",
"UTEK","Ultratech, Inc.","18.66","511261122.84","n/a","1993","Technology","Industrial Machinery/Components","http://www.nasdaq.com/symbol/utek",
"UIS","Unisys Corporation","23.56","1175600955.88","n/a","n/a","Technology","EDP Services","http://www.nasdaq.com/symbol/uis",
"UMC","United Microelectronics Corporation","2.52","6303024000","n/a","n/a","Technology","Semiconductors","http://www.nasdaq.com/symbol/umc",
"UNTD","United Online, Inc.","17.12","243735745.12","n/a","n/a","Technology","Computer Software: Programming, Data Processing","http://www.nasdaq.com/symbol/untd",
"URI","United Rentals, Inc.","94.66","9136642457.16","n/a","1997","Technology","Diversified Commercial Services","http://www.nasdaq.com/symbol/uri",
"UPIP","Unwired Planet, Inc.","0.8129","91140058.8736","n/a","n/a","Technology","Computer Software: Prepackaged Software","http://www.nasdaq.com/symbol/upip",
"UPLD","Upland Software, Inc.","7.16","108895451.92","n/a","2014","Technology","Computer Software: Prepackaged Software","http://www.nasdaq.com/symbol/upld",
"VRNS","Varonis Systems, Inc.","31.5","777857188.5","n/a","2014","Technology","Computer Software: Prepackaged Software","http://www.nasdaq.com/symbol/vrns",
"VDSI","VASCO Data Security International, Inc.","23.34","925823158.68","n/a","n/a","Technology","EDP Services","http://www.nasdaq.com/symbol/vdsi",
"VECO","Veeco Instruments Inc.","31","1251214529","n/a","1994","Technology","Industrial Machinery/Components","http://www.nasdaq.com/symbol/veco",
"VEEV","Veeva Systems Inc.","30.99","4047138399.21","n/a","2013","Technology","Computer Software: Prepackaged Software","http://www.nasdaq.com/symbol/veev",
"VRNT","Verint Systems Inc.","61.41","3728468233.5","n/a","2002","Technology","EDP Services","http://www.nasdaq.com/symbol/vrnt",
"VRSN","VeriSign, Inc.","64.58","7548385317.06","n/a","1998","Technology","EDP Services","http://www.nasdaq.com/symbol/vrsn",
"VRSK","Verisk Analytics, Inc.","71.87","11363254660.85","n/a","2009","Technology","EDP Services","http://www.nasdaq.com/symbol/vrsk",
"VSAT","ViaSat, Inc.","65.3","3110798163.9","n/a","1996","Technology","Radio And Television Broadcasting And Communications Equipment","http://www.nasdaq.com/symbol/vsat",
"VIAS","Viasystems Group, Inc.","17.54","366956286.94","n/a","n/a","Technology","Electrical Products","http://www.nasdaq.com/symbol/vias",
"VGGL","Viggle Inc.","1.71","28312266.51","n/a","n/a","Technology","Computer Software: Programming, Data Processing","http://www.nasdaq.com/symbol/vggl",
"VIMC","Vimicro International Corporation","10.08","259582307.04","25752213","2005","Technology","Semiconductors","http://www.nasdaq.com/symbol/vimc",
"VMEM","Violin Memory, Inc.","3.97","371521183.14","n/a","2013","Technology","Electronic Components","http://www.nasdaq.com/symbol/vmem",
"VRTU","Virtusa Corporation","40.57","1200958941.51","n/a","2007","Technology","EDP Services","http://www.nasdaq.com/symbol/vrtu",
"VISN","VisionChina Media, Inc.","12.51","49571150.22","3962522","2007","Technology","Advertising","http://www.nasdaq.com/symbol/visn",
"VTSS","Vitesse Semiconductor Corporation","4.25","293154991.25","n/a","1991","Technology","Semiconductors","http://www.nasdaq.com/symbol/vtss",
"VMW","Vmware, Inc.","86.59","37027320095.15","n/a","2007","Technology","Computer Software: Prepackaged Software","http://www.nasdaq.com/symbol/vmw",
"VISI","Volt Information Sciences, Inc.","12.5","261722450","n/a","n/a","Technology","Professional Services","http://www.nasdaq.com/symbol/visi",
"VUZI","Vuzix Corporation","6.05","74179878.85","n/a","n/a","Technology","Radio And Television Broadcasting And Communications Equipment","http://www.nasdaq.com/symbol/vuzi",
"WAVX","Wave Systems Corp.","0.81","37229482.44","n/a","1994","Technology","Computer peripheral equipment","http://www.nasdaq.com/symbol/wavx",
"WSTG","Wayside Technology Group, Inc.","17.03","83704834.2","n/a","n/a","Technology","Retail: Computer Software & Peripheral Equipment","http://www.nasdaq.com/symbol/wstg",
"WWWW","Web.com Group, Inc.","17.81","924897343.5","n/a","n/a","Technology","Computer Software: Prepackaged Software","http://www.nasdaq.com/symbol/wwww",
"WB","Weibo Corporation","13.42","612144228.08","45614324","2014","Technology","Computer Software: Programming, Data Processing","http://www.nasdaq.com/symbol/wb",
"WDC","Western Digital Corporation","108.78","25131610159.74","n/a","n/a","Technology","Electronic Components","http://www.nasdaq.com/symbol/wdc",
"WYY","WidePoint Corporation","1.64","133695691.32","n/a","n/a","Technology","EDP Services","http://www.nasdaq.com/symbol/wyy",
"WIT","Wipro Limited","13.83","34109167885.59","n/a","n/a","Technology","EDP Services","http://www.nasdaq.com/symbol/wit",
"WIX","Wix.com Ltd.","18.23","694362141.86","n/a","2013","Technology","Computer Software: Programming, Data Processing","http://www.nasdaq.com/symbol/wix",
"WDAY","Workday, Inc.","88.81","16607470000","n/a","2012","Technology","EDP Services","http://www.nasdaq.com/symbol/wday",
"WK","Workiva Inc.","13.77","544256812.71","n/a","2014","Technology","Computer Software: Prepackaged Software","http://www.nasdaq.com/symbol/wk",
"WPPGY","WPP plc","118.73","1216659198.21","10247277","n/a","Technology","Advertising","http://www.nasdaq.com/symbol/wppgy",
"WSCI","WSI Industries Inc.","6.11","17773281.24","n/a","n/a","Technology","Industrial Machinery/Components","http://www.nasdaq.com/symbol/wsci",
"XLNX","Xilinx, Inc.","42.11","11009125713.64","n/a","1990","Technology","Semiconductors","http://www.nasdaq.com/symbol/xlnx",
"XPLR","Xplore Technologies Corp","6.81","57743719.74","n/a","n/a","Technology","Computer Manufacturing","http://www.nasdaq.com/symbol/xplr",
"XNET","Xunlei Limited","6.8","73523300","10812250","2014","Technology","Computer Software: Prepackaged Software","http://www.nasdaq.com/symbol/xnet",
"YHOO","Yahoo! Inc.","44.11","41292295280.94","n/a","1996","Technology","EDP Services","http://www.nasdaq.com/symbol/yhoo",
"YNDX","Yandex N.V.","16.02","5099415094.98","n/a","2011","Technology","Computer Software: Programming, Data Processing","http://www.nasdaq.com/symbol/yndx",
"YGE","Yingli Green Energy Holding Company Limited","2.23","349583207.1","n/a","2007","Technology","Semiconductors","http://www.nasdaq.com/symbol/yge",
"YDLE","Yodlee, Inc.","13","380012360","n/a","2014","Technology","Computer Software: Prepackaged Software","http://www.nasdaq.com/symbol/ydle",
"YOKU","Youku Tudou Inc.","16.42","3250583592.32","n/a","2010","Technology","Radio And Television Broadcasting And Communications Equipment","http://www.nasdaq.com/symbol/yoku",
"YUME","YuMe, Inc.","5.67","187363171.17","n/a","2013","Technology","Advertising","http://www.nasdaq.com/symbol/yume",
"YY","YY Inc.","53.24","1966899837.76","36944024","2012","Technology","EDP Services","http://www.nasdaq.com/symbol/yy",
"ZBRA","Zebra Technologies Corporation","91.8","4674617476.2","n/a","1991","Technology","Industrial Machinery/Components","http://www.nasdaq.com/symbol/zbra",
"ZEN","Zendesk, Inc.","24.11","1827343335.86","n/a","2014","Technology","EDP Services","http://www.nasdaq.com/symbol/zen",
"ZPIN","Zhaopin Limited","16.64","831020403.2","n/a","2014","Technology","Professional Services","http://www.nasdaq.com/symbol/zpin",
"ZIXI","Zix Corporation","4.01","227844996.01","n/a","n/a","Technology","EDP Services","http://www.nasdaq.com/symbol/zixi",
"ZNGA","Zynga Inc.","2.32","2115031821.04","n/a","2011","Technology","EDP Services","http://www.nasdaq.com/symbol/znga",
